[2025-07-13T08:18:30.280Z] [SESSION-1752394710278] [dashboard] [INFO] Dashboard server started | {"port":3003}
[2025-07-13T08:25:15.286Z] [SESSION-1752395115284] [dashboard] [INFO] Dashboard server started | {"port":3003}
[2025-07-13T08:29:59.427Z] [SESSION-1752395399425] [dashboard] [INFO] Dashboard server started | {"port":3003}
[2025-07-13T08:32:51.916Z] [SESSION-1752395571914] [dashboard] [INFO] Dashboard server started | {"port":3003}
[2025-07-13T08:34:31.007Z] [SESSION-1752395671005] [dashboard] [INFO] Dashboard server started | {"port":3003}
[2025-07-13T08:37:52.409Z] [SESSION-1752395872407] [dashboard] [INFO] Dashboard server started | {"port":3003}
[2025-07-13T08:38:05.719Z] [SESSION-1752395885717] [dashboard] [INFO] Dashboard server started | {"port":3003}
[2025-07-13T08:40:21.029Z] [SESSION-1752396021028] [dashboard] [INFO] Dashboard server started | {"port":3003}
[2025-07-13T08:57:48.354Z] [SESSION-1752397068352] [dashboard] [INFO] Dashboard server started | {"port":3003}
[2025-07-13T09:00:35.266Z] [SESSION-1752397235263] [dashboard] [INFO] Dashboard server started | {"port":3003}
[2025-07-13T09:06:47.933Z] [SESSION-1752397607932] [dashboard] [INFO] Dashboard server started | {"port":3003}
[2025-07-13T09:11:41.153Z] [SESSION-1752397901151] [dashboard] [INFO] Dashboard server started | {"port":3003}
[2025-07-13T09:14:39.681Z] [SESSION-1752398079679] [dashboard] [INFO] Dashboard server started | {"port":3003}
[2025-07-13T09:17:10.061Z] [SESSION-1752398230060] [dashboard] [INFO] Dashboard server started | {"port":3003}
[2025-07-13T09:23:43.520Z] [SESSION-1752398623518] [dashboard] [INFO] Dashboard server started | {"port":3003}
[2025-07-13T09:24:43.998Z] [SESSION-1752398683996] [dashboard] [INFO] Dashboard server started | {"port":3003}
[2025-07-13T09:28:47.998Z] [SESSION-1752398927996] [dashboard] [INFO] Dashboard server started | {"port":3003}
[2025-07-13T09:31:21.406Z] [SESSION-1752399081401] [dashboard] [INFO] Dashboard server started | {"port":3003}
[2025-07-13T09:32:14.231Z] [SESSION-1752399134229] [dashboard] [INFO] Dashboard server started | {"port":3003}
[2025-07-13T09:36:16.997Z] [SESSION-1752399376995] [dashboard] [INFO] Dashboard server started | {"port":3003}
[2025-07-13T09:45:19.624Z] [SESSION-1752399919622] [dashboard] [INFO] Dashboard server started | {"port":3003}
[2025-07-13T09:45:20.891Z] [SESSION-1752399919622] [dashboard] [INFO] Running all tests via test_start.js
[2025-07-13T09:45:30.896Z] [SESSION-1752399919622] [dashboard] [INFO] Running all tests via test_start.js
[2025-07-13T09:45:31.409Z] [SESSION-1752399919622] [dashboard] [INFO] Running all tests via test_start.js
[2025-07-13T09:45:40.909Z] [SESSION-1752399919622] [dashboard] [INFO] Running all tests via test_start.js
[2025-07-13T09:45:50.922Z] [SESSION-1752399919622] [dashboard] [INFO] Running all tests via test_start.js
[2025-07-13T09:45:55.476Z] [SESSION-1752399919622] [dashboard] [INFO] Tests completed successfully
[2025-07-13T09:46:00.934Z] [SESSION-1752399919622] [dashboard] [INFO] Running all tests via test_start.js
[2025-07-13T09:46:05.731Z] [SESSION-1752399919622] [dashboard] [INFO] Tests completed successfully
[2025-07-13T09:46:06.218Z] [SESSION-1752399919622] [dashboard] [INFO] Tests completed successfully
[2025-07-13T09:46:10.953Z] [SESSION-1752399919622] [dashboard] [INFO] Running all tests via test_start.js
[2025-07-13T09:46:15.798Z] [SESSION-1752399919622] [dashboard] [INFO] Tests completed successfully
[2025-07-13T09:46:20.972Z] [SESSION-1752399919622] [dashboard] [INFO] Running all tests via test_start.js
[2025-07-13T09:46:25.710Z] [SESSION-1752399919622] [dashboard] [INFO] Tests completed successfully
[2025-07-13T09:46:30.990Z] [SESSION-1752399919622] [dashboard] [INFO] Running all tests via test_start.js
[2025-07-13T09:46:35.412Z] [SESSION-1752399919622] [dashboard] [INFO] Tests completed successfully
[2025-07-13T09:46:41.004Z] [SESSION-1752399919622] [dashboard] [INFO] Running all tests via test_start.js
[2025-07-13T09:46:45.262Z] [SESSION-1752399919622] [dashboard] [INFO] Tests completed successfully
[2025-07-13T09:46:51.020Z] [SESSION-1752399919622] [dashboard] [INFO] Running all tests via test_start.js
[2025-07-13T09:46:55.782Z] [SESSION-1752399919622] [dashboard] [INFO] Tests completed successfully
[2025-07-13T09:47:01.035Z] [SESSION-1752399919622] [dashboard] [INFO] Running all tests via test_start.js
[2025-07-13T09:47:05.260Z] [SESSION-1752399919622] [dashboard] [INFO] Tests completed successfully
[2025-07-13T09:47:11.055Z] [SESSION-1752399919622] [dashboard] [INFO] Running all tests via test_start.js
[2025-07-13T09:47:15.360Z] [SESSION-1752399919622] [dashboard] [INFO] Tests completed successfully
[2025-07-13T09:47:21.066Z] [SESSION-1752399919622] [dashboard] [INFO] Running all tests via test_start.js
[2025-07-13T09:47:25.314Z] [SESSION-1752399919622] [dashboard] [INFO] Tests completed successfully
[2025-07-13T09:47:31.078Z] [SESSION-1752399919622] [dashboard] [INFO] Running all tests via test_start.js
[2025-07-13T09:47:35.437Z] [SESSION-1752399919622] [dashboard] [INFO] Tests completed successfully
[2025-07-13T09:47:41.092Z] [SESSION-1752399919622] [dashboard] [INFO] Running all tests via test_start.js
[2025-07-13T09:47:45.417Z] [SESSION-1752399919622] [dashboard] [INFO] Tests completed successfully
[2025-07-13T09:47:51.111Z] [SESSION-1752399919622] [dashboard] [INFO] Running all tests via test_start.js
[2025-07-13T09:47:55.439Z] [SESSION-1752399919622] [dashboard] [INFO] Tests completed successfully
[2025-07-13T09:48:01.131Z] [SESSION-1752399919622] [dashboard] [INFO] Running all tests via test_start.js
[2025-07-13T09:48:07.644Z] [SESSION-1752399919622] [dashboard] [INFO] Running all tests via test_start.js
[2025-07-13T09:48:11.150Z] [SESSION-1752399919622] [dashboard] [INFO] Running all tests via test_start.js
[2025-07-13T09:48:11.737Z] [SESSION-1752399919622] [dashboard] [INFO] Tests completed successfully
[2025-07-13T09:48:17.634Z] [SESSION-1752399919622] [dashboard] [INFO] Running all tests via test_start.js
[2025-07-13T09:48:21.165Z] [SESSION-1752399919622] [dashboard] [INFO] Running all tests via test_start.js
[2025-07-13T09:48:21.676Z] [SESSION-1752399919622] [dashboard] [INFO] Tests completed successfully
[2025-07-13T09:48:26.069Z] [SESSION-1752399919622] [dashboard] [INFO] Running all tests via test_start.js
[2025-07-13T09:48:27.840Z] [SESSION-1752399919622] [dashboard] [INFO] Running all tests via test_start.js
[2025-07-13T09:48:31.195Z] [SESSION-1752399919622] [dashboard] [INFO] Running all tests via test_start.js
[2025-07-13T09:48:31.943Z] [SESSION-1752399919622] [dashboard] [INFO] Tests completed successfully
[2025-07-13T09:48:37.898Z] [SESSION-1752399919622] [dashboard] [INFO] Running all tests via test_start.js
[2025-07-13T09:48:41.228Z] [SESSION-1752399919622] [dashboard] [INFO] Running all tests via test_start.js
[2025-07-13T09:48:41.936Z] [SESSION-1752399919622] [dashboard] [INFO] Tests completed successfully
[2025-07-13T09:48:44.781Z] [SESSION-1752399919622] [dashboard] [INFO] Running all tests via test_start.js
[2025-07-13T09:48:45.161Z] [SESSION-1752399919622] [dashboard] [INFO] Running all tests via test_start.js
[2025-07-13T09:48:48.138Z] [SESSION-1752399919622] [dashboard] [INFO] Running all tests via test_start.js
[2025-07-13T09:48:49.211Z] [SESSION-1752399919622] [dashboard] [INFO] Tests completed successfully
[2025-07-13T09:48:52.281Z] [SESSION-1752399919622] [dashboard] [INFO] Tests completed successfully
[2025-07-13T09:48:54.805Z] [SESSION-1752399919622] [dashboard] [INFO] Running all tests via test_start.js
[2025-07-13T09:48:54.881Z] [SESSION-1752399919622] [dashboard] [INFO] Running all tests via test_start.js
[2025-07-13T09:48:58.127Z] [SESSION-1752399919622] [dashboard] [INFO] Running all tests via test_start.js
[2025-07-13T09:48:58.935Z] [SESSION-1752399919622] [dashboard] [INFO] Tests completed successfully
[2025-07-13T09:49:02.155Z] [SESSION-1752399919622] [dashboard] [INFO] Tests completed successfully
[2025-07-13T09:49:03.379Z] [SESSION-1752399919622] [dashboard] [INFO] Running all tests via test_start.js
[2025-07-13T09:49:04.828Z] [SESSION-1752399919622] [dashboard] [INFO] Running all tests via test_start.js
[2025-07-13T09:49:05.144Z] [SESSION-1752399919622] [dashboard] [INFO] Running all tests via test_start.js
[2025-07-13T09:49:07.417Z] [SESSION-1752399919622] [dashboard] [INFO] Tests completed successfully
[2025-07-13T09:49:08.177Z] [SESSION-1752399919622] [dashboard] [INFO] Running all tests via test_start.js
[2025-07-13T09:49:09.197Z] [SESSION-1752399919622] [dashboard] [INFO] Tests completed successfully
[2025-07-13T09:49:12.209Z] [SESSION-1752399919622] [dashboard] [INFO] Tests completed successfully
[2025-07-13T09:49:14.678Z] [SESSION-1752399919622] [dashboard] [INFO] Running all tests via test_start.js
[2025-07-13T09:49:14.839Z] [SESSION-1752399919622] [dashboard] [INFO] Running all tests via test_start.js
[2025-07-13T09:49:18.661Z] [SESSION-1752399919622] [dashboard] [INFO] Running all tests via test_start.js
[2025-07-13T09:49:18.742Z] [SESSION-1752399919622] [dashboard] [INFO] Tests completed successfully
[2025-07-13T09:49:21.743Z] [SESSION-1752399919622] [dashboard] [INFO] Running all tests via test_start.js
[2025-07-13T09:49:22.601Z] [SESSION-1752399919622] [dashboard] [INFO] Running all tests via test_start.js
[2025-07-13T09:49:22.719Z] [SESSION-1752399919622] [dashboard] [INFO] Tests completed successfully
[2025-07-13T09:49:24.858Z] [SESSION-1752399919622] [dashboard] [INFO] Running all tests via test_start.js
[2025-07-13T09:49:25.335Z] [SESSION-1752399919622] [dashboard] [INFO] Running all tests via test_start.js
[2025-07-13T09:49:26.132Z] [SESSION-1752399919622] [dashboard] [INFO] Tests completed successfully
[2025-07-13T09:49:26.814Z] [SESSION-1752399919622] [dashboard] [INFO] Tests completed successfully
[2025-07-13T09:49:29.425Z] [SESSION-1752399919622] [dashboard] [INFO] Tests completed successfully
[2025-07-13T09:49:32.157Z] [SESSION-1752399919622] [dashboard] [INFO] Running all tests via test_start.js
[2025-07-13T09:49:32.169Z] [SESSION-1752399919622] [dashboard] [INFO] Running all tests via test_start.js
[2025-07-13T09:49:34.888Z] [SESSION-1752399919622] [dashboard] [INFO] Running all tests via test_start.js
[2025-07-13T09:49:35.776Z] [SESSION-1752399919622] [dashboard] [INFO] Running all tests via test_start.js
[2025-07-13T09:49:36.293Z] [SESSION-1752399919622] [dashboard] [INFO] Tests completed successfully
[2025-07-13T09:49:36.307Z] [SESSION-1752399919622] [dashboard] [INFO] Tests completed successfully
[2025-07-13T09:49:39.825Z] [SESSION-1752399919622] [dashboard] [INFO] Tests completed successfully
[2025-07-13T09:49:40.953Z] [SESSION-1752399919622] [dashboard] [INFO] Running all tests via test_start.js
[2025-07-13T09:49:42.366Z] [SESSION-1752399919622] [dashboard] [INFO] Running all tests via test_start.js
[2025-07-13T09:49:43.217Z] [SESSION-1752399919622] [dashboard] [INFO] Running all tests via test_start.js
[2025-07-13T09:49:44.911Z] [SESSION-1752399919622] [dashboard] [INFO] Running all tests via test_start.js
[2025-07-13T09:49:45.007Z] [SESSION-1752399919622] [dashboard] [INFO] Tests completed successfully
[2025-07-13T09:49:46.109Z] [SESSION-1752399919622] [dashboard] [INFO] Running all tests via test_start.js
[2025-07-13T09:49:46.461Z] [SESSION-1752399919622] [dashboard] [INFO] Tests completed successfully
[2025-07-13T09:49:47.359Z] [SESSION-1752399919622] [dashboard] [INFO] Tests completed successfully
[2025-07-13T09:49:50.149Z] [SESSION-1752399919622] [dashboard] [INFO] Tests completed successfully
[2025-07-13T09:49:52.638Z] [SESSION-1752399919622] [dashboard] [INFO] Running all tests via test_start.js
[2025-07-13T09:49:52.904Z] [SESSION-1752399919622] [dashboard] [INFO] Running all tests via test_start.js
[2025-07-13T09:49:53.678Z] [SESSION-1752400193671] [dashboard] [INFO] Dashboard server started | {"port":3003}
[2025-07-13T09:49:54.964Z] [SESSION-1752400193671] [dashboard] [INFO] Running all tests via test_start.js
[2025-07-13T09:50:04.968Z] [SESSION-1752400193671] [dashboard] [INFO] Running all tests via test_start.js
[2025-07-13T09:50:14.984Z] [SESSION-1752400193671] [dashboard] [INFO] Running all tests via test_start.js
[2025-07-13T09:50:25.002Z] [SESSION-1752400193671] [dashboard] [INFO] Running all tests via test_start.js
[2025-07-13T09:50:32.817Z] [SESSION-1752400193671] [dashboard] [INFO] Running all tests via test_start.js
[2025-07-13T09:50:35.015Z] [SESSION-1752400193671] [dashboard] [INFO] Running all tests via test_start.js
[2025-07-13T09:50:36.838Z] [SESSION-1752400193671] [dashboard] [INFO] Tests completed successfully
[2025-07-13T09:50:42.453Z] [SESSION-1752400193671] [dashboard] [INFO] Running all tests via test_start.js
[2025-07-13T09:50:43.713Z] [SESSION-1752400193671] [dashboard] [INFO] Running all tests via test_start.js
[2025-07-13T09:50:45.027Z] [SESSION-1752400193671] [dashboard] [INFO] Running all tests via test_start.js
[2025-07-13T09:50:46.484Z] [SESSION-1752400193671] [dashboard] [INFO] Tests completed successfully
[2025-07-13T09:50:52.459Z] [SESSION-1752400193671] [dashboard] [INFO] Running all tests via test_start.js
[2025-07-13T09:50:55.047Z] [SESSION-1752400193671] [dashboard] [INFO] Running all tests via test_start.js
[2025-07-13T09:50:56.487Z] [SESSION-1752400193671] [dashboard] [INFO] Tests completed successfully
[2025-07-13T09:51:02.622Z] [SESSION-1752400193671] [dashboard] [INFO] Running all tests via test_start.js
[2025-07-13T09:51:05.067Z] [SESSION-1752400193671] [dashboard] [INFO] Running all tests via test_start.js
[2025-07-13T09:51:06.643Z] [SESSION-1752400193671] [dashboard] [INFO] Tests completed successfully
[2025-07-13T09:51:10.280Z] [SESSION-1752400193671] [dashboard] [INFO] Running all tests via test_start.js
[2025-07-13T09:51:12.518Z] [SESSION-1752400193671] [dashboard] [INFO] Running all tests via test_start.js
[2025-07-13T09:51:14.323Z] [SESSION-1752400193671] [dashboard] [INFO] Tests completed successfully
[2025-07-13T09:51:15.089Z] [SESSION-1752400193671] [dashboard] [INFO] Running all tests via test_start.js
[2025-07-13T09:51:16.546Z] [SESSION-1752400193671] [dashboard] [INFO] Tests completed successfully
[2025-07-13T09:51:19.911Z] [SESSION-1752400193671] [dashboard] [INFO] Running all tests via test_start.js
[2025-07-13T09:51:21.205Z] [SESSION-1752400193671] [dashboard] [INFO] Running all tests via test_start.js
[2025-07-13T09:51:22.588Z] [SESSION-1752400193671] [dashboard] [INFO] Running all tests via test_start.js
[2025-07-13T09:51:23.939Z] [SESSION-1752400193671] [dashboard] [INFO] Tests completed successfully
[2025-07-13T09:51:25.106Z] [SESSION-1752400193671] [dashboard] [INFO] Running all tests via test_start.js
[2025-07-13T09:51:25.262Z] [SESSION-1752400193671] [dashboard] [INFO] Tests completed successfully
[2025-07-13T09:51:26.620Z] [SESSION-1752400193671] [dashboard] [INFO] Tests completed successfully
[2025-07-13T09:51:29.980Z] [SESSION-1752400193671] [dashboard] [INFO] Running all tests via test_start.js
[2025-07-13T09:51:32.586Z] [SESSION-1752400193671] [dashboard] [INFO] Running all tests via test_start.js
[2025-07-13T09:51:34.036Z] [SESSION-1752400193671] [dashboard] [INFO] Tests completed successfully
[2025-07-13T09:51:35.131Z] [SESSION-1752400193671] [dashboard] [INFO] Running all tests via test_start.js
[2025-07-13T09:51:36.638Z] [SESSION-1752400193671] [dashboard] [INFO] Tests completed successfully
[2025-07-13T09:51:40.163Z] [SESSION-1752400193671] [dashboard] [INFO] Running all tests via test_start.js
[2025-07-13T09:51:42.654Z] [SESSION-1752400193671] [dashboard] [INFO] Running all tests via test_start.js
[2025-07-13T09:51:44.212Z] [SESSION-1752400193671] [dashboard] [INFO] Tests completed successfully
[2025-07-13T09:51:45.150Z] [SESSION-1752400193671] [dashboard] [INFO] Running all tests via test_start.js
[2025-07-13T09:51:46.702Z] [SESSION-1752400193671] [dashboard] [INFO] Tests completed successfully
[2025-07-13T09:51:47.711Z] [SESSION-1752400193671] [dashboard] [INFO] Running all tests via test_start.js
[2025-07-13T09:51:50.024Z] [SESSION-1752400193671] [dashboard] [INFO] Running all tests via test_start.js
[2025-07-13T09:51:51.748Z] [SESSION-1752400193671] [dashboard] [INFO] Tests completed successfully
[2025-07-13T09:51:52.645Z] [SESSION-1752400193671] [dashboard] [INFO] Running all tests via test_start.js
[2025-07-13T09:51:54.102Z] [SESSION-1752400193671] [dashboard] [INFO] Tests completed successfully
[2025-07-13T09:51:55.166Z] [SESSION-1752400193671] [dashboard] [INFO] Running all tests via test_start.js
[2025-07-13T09:51:56.696Z] [SESSION-1752400193671] [dashboard] [INFO] Tests completed successfully
[2025-07-13T09:51:57.424Z] [SESSION-1752400193671] [dashboard] [INFO] Running all tests via test_start.js
[2025-07-13T09:51:58.747Z] [SESSION-1752400193671] [dashboard] [INFO] Running all tests via test_start.js
[2025-07-13T09:52:00.215Z] [SESSION-1752400193671] [dashboard] [INFO] Running all tests via test_start.js
[2025-07-13T09:52:01.465Z] [SESSION-1752400193671] [dashboard] [INFO] Tests completed successfully
[2025-07-13T09:52:02.788Z] [SESSION-1752400193671] [dashboard] [INFO] Running all tests via test_start.js
[2025-07-13T09:52:02.800Z] [SESSION-1752400193671] [dashboard] [INFO] Tests completed successfully
[2025-07-13T09:52:04.276Z] [SESSION-1752400193671] [dashboard] [INFO] Tests completed successfully
[2025-07-13T09:52:05.193Z] [SESSION-1752400193671] [dashboard] [INFO] Running all tests via test_start.js
[2025-07-13T09:52:06.836Z] [SESSION-1752400193671] [dashboard] [INFO] Tests completed successfully
[2025-07-13T09:52:07.510Z] [SESSION-1752400193671] [dashboard] [INFO] Running all tests via test_start.js
[2025-07-13T09:52:10.241Z] [SESSION-1752400193671] [dashboard] [INFO] Running all tests via test_start.js
[2025-07-13T09:52:11.533Z] [SESSION-1752400193671] [dashboard] [INFO] Tests completed successfully
[2025-07-13T09:52:12.752Z] [SESSION-1752400193671] [dashboard] [INFO] Running all tests via test_start.js
[2025-07-13T09:52:14.269Z] [SESSION-1752400193671] [dashboard] [INFO] Tests completed successfully
[2025-07-13T09:52:15.212Z] [SESSION-1752400193671] [dashboard] [INFO] Running all tests via test_start.js
[2025-07-13T09:52:16.822Z] [SESSION-1752400193671] [dashboard] [INFO] Tests completed successfully
[2025-07-13T09:52:17.771Z] [SESSION-1752400193671] [dashboard] [INFO] Running all tests via test_start.js
[2025-07-13T09:52:20.343Z] [SESSION-1752400193671] [dashboard] [INFO] Running all tests via test_start.js
[2025-07-13T09:52:21.827Z] [SESSION-1752400193671] [dashboard] [INFO] Tests completed successfully
[2025-07-13T09:52:22.875Z] [SESSION-1752400193671] [dashboard] [INFO] Running all tests via test_start.js
[2025-07-13T09:52:24.391Z] [SESSION-1752400193671] [dashboard] [INFO] Tests completed successfully
[2025-07-13T09:52:25.229Z] [SESSION-1752400193671] [dashboard] [INFO] Running all tests via test_start.js
[2025-07-13T09:52:25.281Z] [SESSION-1752400193671] [dashboard] [INFO] Running all tests via test_start.js
[2025-07-13T09:52:26.953Z] [SESSION-1752400193671] [dashboard] [INFO] Tests completed successfully
[2025-07-13T09:52:27.523Z] [SESSION-1752400193671] [dashboard] [INFO] Running all tests via test_start.js
[2025-07-13T09:52:29.359Z] [SESSION-1752400193671] [dashboard] [INFO] Tests completed successfully
[2025-07-13T09:52:30.317Z] [SESSION-1752400193671] [dashboard] [INFO] Running all tests via test_start.js
[2025-07-13T09:52:31.577Z] [SESSION-1752400193671] [dashboard] [INFO] Tests completed successfully
[2025-07-13T09:52:32.881Z] [SESSION-1752400193671] [dashboard] [INFO] Running all tests via test_start.js
[2025-07-13T09:52:34.380Z] [SESSION-1752400193671] [dashboard] [INFO] Tests completed successfully
[2025-07-13T09:52:35.121Z] [SESSION-1752400193671] [dashboard] [INFO] Running all tests via test_start.js
[2025-07-13T09:52:35.273Z] [SESSION-1752400193671] [dashboard] [INFO] Running all tests via test_start.js
[2025-07-13T09:52:36.448Z] [SESSION-1752400193671] [dashboard] [INFO] Running all tests via test_start.js
[2025-07-13T09:52:37.148Z] [SESSION-1752400193671] [dashboard] [INFO] Tests completed successfully
[2025-07-13T09:52:38.146Z] [SESSION-1752400193671] [dashboard] [INFO] Running all tests via test_start.js
[2025-07-13T09:52:39.396Z] [SESSION-1752400193671] [dashboard] [INFO] Tests completed successfully
[2025-07-13T09:52:40.584Z] [SESSION-1752400193671] [dashboard] [INFO] Tests completed successfully
[2025-07-13T09:52:40.660Z] [SESSION-1752400193671] [dashboard] [INFO] Running all tests via test_start.js
[2025-07-13T09:52:42.203Z] [SESSION-1752400193671] [dashboard] [INFO] Tests completed successfully
[2025-07-13T09:52:43.151Z] [SESSION-1752400193671] [dashboard] [INFO] Running all tests via test_start.js
[2025-07-13T09:52:44.771Z] [SESSION-1752400193671] [dashboard] [INFO] Tests completed successfully
[2025-07-13T09:52:45.307Z] [SESSION-1752400193671] [dashboard] [INFO] Running all tests via test_start.js
[2025-07-13T09:52:45.337Z] [SESSION-1752400193671] [dashboard] [INFO] Running all tests via test_start.js
[2025-07-13T09:52:47.289Z] [SESSION-1752400193671] [dashboard] [INFO] Tests completed successfully
[2025-07-13T09:52:48.263Z] [SESSION-1752400193671] [dashboard] [INFO] Running all tests via test_start.js
[2025-07-13T09:52:49.533Z] [SESSION-1752400193671] [dashboard] [INFO] Tests completed successfully
[2025-07-13T09:52:50.772Z] [SESSION-1752400193671] [dashboard] [INFO] Running all tests via test_start.js
[2025-07-13T09:52:52.350Z] [SESSION-1752400193671] [dashboard] [INFO] Tests completed successfully
[2025-07-13T09:52:53.323Z] [SESSION-1752400193671] [dashboard] [INFO] Running all tests via test_start.js
[2025-07-13T09:52:54.863Z] [SESSION-1752400193671] [dashboard] [INFO] Tests completed successfully
[2025-07-13T09:52:55.326Z] [SESSION-1752400193671] [dashboard] [INFO] Running all tests via test_start.js
[2025-07-13T09:52:55.671Z] [SESSION-1752400193671] [dashboard] [INFO] Running all tests via test_start.js
[2025-07-13T09:52:57.431Z] [SESSION-1752400193671] [dashboard] [INFO] Tests completed successfully
[2025-07-13T09:52:58.500Z] [SESSION-1752400193671] [dashboard] [INFO] Running all tests via test_start.js
[2025-07-13T09:52:59.746Z] [SESSION-1752400193671] [dashboard] [INFO] Tests completed successfully
[2025-07-13T09:53:01.014Z] [SESSION-1752400193671] [dashboard] [INFO] Running all tests via test_start.js
[2025-07-13T09:53:02.554Z] [SESSION-1752400193671] [dashboard] [INFO] Tests completed successfully
[2025-07-13T09:53:03.358Z] [SESSION-1752400193671] [dashboard] [INFO] Running all tests via test_start.js
[2025-07-13T09:53:03.881Z] [SESSION-1752400193671] [dashboard] [INFO] Running all tests via test_start.js
[2025-07-13T09:53:05.106Z] [SESSION-1752400193671] [dashboard] [INFO] Tests completed successfully
[2025-07-13T09:53:05.598Z] [SESSION-1752400193671] [dashboard] [INFO] Running all tests via test_start.js
[2025-07-13T09:53:07.397Z] [SESSION-1752400193671] [dashboard] [INFO] Tests completed successfully
[2025-07-13T09:53:08.026Z] [SESSION-1752400193671] [dashboard] [INFO] Tests completed successfully
[2025-07-13T09:53:08.449Z] [SESSION-1752400193671] [dashboard] [INFO] Running all tests via test_start.js
[2025-07-13T09:53:09.659Z] [SESSION-1752400193671] [dashboard] [INFO] Tests completed successfully
[2025-07-13T09:53:10.969Z] [SESSION-1752400193671] [dashboard] [INFO] Running all tests via test_start.js
[2025-07-13T09:53:12.514Z] [SESSION-1752400193671] [dashboard] [INFO] Tests completed successfully
[2025-07-13T09:53:13.510Z] [SESSION-1752400193671] [dashboard] [INFO] Running all tests via test_start.js
[2025-07-13T09:53:14.008Z] [SESSION-1752400193671] [dashboard] [INFO] Running all tests via test_start.js
[2025-07-13T09:53:14.726Z] [SESSION-1752400193671] [dashboard] [INFO] Running all tests via test_start.js
[2025-07-13T09:53:15.131Z] [SESSION-1752400193671] [dashboard] [INFO] Tests completed successfully
[2025-07-13T09:53:15.393Z] [SESSION-1752400193671] [dashboard] [INFO] Running all tests via test_start.js
[2025-07-13T09:53:16.799Z] [SESSION-1752400193671] [dashboard] [INFO] Running all tests via test_start.js
[2025-07-13T09:53:17.863Z] [SESSION-1752400193671] [dashboard] [INFO] Tests completed successfully
[2025-07-13T09:53:18.207Z] [SESSION-1752400193671] [dashboard] [INFO] Tests completed successfully
[2025-07-13T09:53:18.834Z] [SESSION-1752400193671] [dashboard] [INFO] Tests completed successfully
[2025-07-13T09:53:18.906Z] [SESSION-1752400193671] [dashboard] [INFO] Running all tests via test_start.js
[2025-07-13T09:53:20.897Z] [SESSION-1752400193671] [dashboard] [INFO] Tests completed successfully
[2025-07-13T09:53:21.283Z] [SESSION-1752400193671] [dashboard] [INFO] Running all tests via test_start.js
[2025-07-13T09:53:23.012Z] [SESSION-1752400403009] [dashboard] [INFO] Dashboard server started | {"port":3003}
[2025-07-13T09:53:23.621Z] [SESSION-1752400403009] [dashboard] [INFO] Running all tests via test_start.js
[2025-07-13T09:53:23.666Z] [SESSION-1752400403009] [dashboard] [INFO] Running all tests via test_start.js
[2025-07-13T09:53:35.392Z] [SESSION-1752400403009] [dashboard] [INFO] Running all tests via test_start.js
[2025-07-13T09:53:55.410Z] [SESSION-1752400403009] [dashboard] [INFO] Running all tests via test_start.js
[2025-07-13T09:54:01.722Z] [SESSION-1752400403009] [dashboard] [INFO] Running all tests via test_start.js
[2025-07-13T09:54:01.769Z] [SESSION-1752400403009] [dashboard] [INFO] Running all tests via test_start.js
[2025-07-13T09:54:05.751Z] [SESSION-1752400403009] [dashboard] [INFO] Tests completed successfully
[2025-07-13T09:54:05.802Z] [SESSION-1752400403009] [dashboard] [INFO] Tests completed successfully
[2025-07-13T09:54:12.918Z] [SESSION-1752400403009] [dashboard] [INFO] Running all tests via test_start.js
[2025-07-13T09:54:15.428Z] [SESSION-1752400403009] [dashboard] [INFO] Running all tests via test_start.js
[2025-07-13T09:54:16.941Z] [SESSION-1752400403009] [dashboard] [INFO] Tests completed successfully
[2025-07-13T09:54:33.029Z] [SESSION-1752400403009] [dashboard] [INFO] Running all tests via test_start.js
[2025-07-13T09:54:35.444Z] [SESSION-1752400403009] [dashboard] [INFO] Running all tests via test_start.js
[2025-07-13T09:54:37.063Z] [SESSION-1752400403009] [dashboard] [INFO] Tests completed successfully
[2025-07-13T09:54:39.326Z] [SESSION-1752400403009] [dashboard] [INFO] Running all tests via test_start.js
[2025-07-13T09:54:39.327Z] [SESSION-1752400403009] [dashboard] [INFO] Running all tests via test_start.js
[2025-07-13T09:54:43.396Z] [SESSION-1752400403009] [dashboard] [INFO] Tests completed successfully
[2025-07-13T09:54:43.396Z] [SESSION-1752400403009] [dashboard] [INFO] Tests completed successfully
[2025-07-13T09:54:50.406Z] [SESSION-1752400403009] [dashboard] [INFO] Running all tests via test_start.js
[2025-07-13T09:54:52.987Z] [SESSION-1752400403009] [dashboard] [INFO] Running all tests via test_start.js
[2025-07-13T09:54:54.428Z] [SESSION-1752400403009] [dashboard] [INFO] Tests completed successfully
[2025-07-13T09:54:55.464Z] [SESSION-1752400403009] [dashboard] [INFO] Running all tests via test_start.js
[2025-07-13T09:54:57.017Z] [SESSION-1752400403009] [dashboard] [INFO] Tests completed successfully
[2025-07-13T09:55:10.505Z] [SESSION-1752400403009] [dashboard] [INFO] Running all tests via test_start.js
[2025-07-13T09:55:12.972Z] [SESSION-1752400403009] [dashboard] [INFO] Running all tests via test_start.js
[2025-07-13T09:55:14.537Z] [SESSION-1752400403009] [dashboard] [INFO] Tests completed successfully
[2025-07-13T09:55:15.483Z] [SESSION-1752400403009] [dashboard] [INFO] Running all tests via test_start.js
[2025-07-13T09:55:16.964Z] [SESSION-1752400403009] [dashboard] [INFO] Running all tests via test_start.js
[2025-07-13T09:55:16.967Z] [SESSION-1752400403009] [dashboard] [INFO] Running all tests via test_start.js
[2025-07-13T09:55:16.998Z] [SESSION-1752400403009] [dashboard] [INFO] Tests completed successfully
[2025-07-13T09:55:21.022Z] [SESSION-1752400403009] [dashboard] [INFO] Tests completed successfully
[2025-07-13T09:55:21.032Z] [SESSION-1752400403009] [dashboard] [INFO] Tests completed successfully
[2025-07-13T09:55:27.925Z] [SESSION-1752400403009] [dashboard] [INFO] Running all tests via test_start.js
[2025-07-13T09:55:30.512Z] [SESSION-1752400403009] [dashboard] [INFO] Running all tests via test_start.js
[2025-07-13T09:55:31.962Z] [SESSION-1752400403009] [dashboard] [INFO] Tests completed successfully
[2025-07-13T09:55:32.989Z] [SESSION-1752400403009] [dashboard] [INFO] Running all tests via test_start.js
[2025-07-13T09:55:34.534Z] [SESSION-1752400403009] [dashboard] [INFO] Tests completed successfully
[2025-07-13T09:55:35.502Z] [SESSION-1752400403009] [dashboard] [INFO] Running all tests via test_start.js
[2025-07-13T09:55:37.028Z] [SESSION-1752400403009] [dashboard] [INFO] Tests completed successfully
[2025-07-13T09:55:48.016Z] [SESSION-1752400403009] [dashboard] [INFO] Running all tests via test_start.js
[2025-07-13T09:55:50.451Z] [SESSION-1752400403009] [dashboard] [INFO] Running all tests via test_start.js
[2025-07-13T09:55:52.046Z] [SESSION-1752400403009] [dashboard] [INFO] Tests completed successfully
[2025-07-13T09:55:53.100Z] [SESSION-1752400403009] [dashboard] [INFO] Running all tests via test_start.js
[2025-07-13T09:55:54.484Z] [SESSION-1752400403009] [dashboard] [INFO] Tests completed successfully
[2025-07-13T09:55:54.609Z] [SESSION-1752400403009] [dashboard] [INFO] Running all tests via test_start.js
[2025-07-13T09:55:54.677Z] [SESSION-1752400403009] [dashboard] [INFO] Running all tests via test_start.js
[2025-07-13T09:55:55.518Z] [SESSION-1752400403009] [dashboard] [INFO] Running all tests via test_start.js
[2025-07-13T09:55:57.149Z] [SESSION-1752400403009] [dashboard] [INFO] Tests completed successfully
[2025-07-13T09:55:58.717Z] [SESSION-1752400403009] [dashboard] [INFO] Tests completed successfully
[2025-07-13T09:55:58.744Z] [SESSION-1752400403009] [dashboard] [INFO] Tests completed successfully
[2025-07-13T09:56:05.519Z] [SESSION-1752400403009] [dashboard] [INFO] Running all tests via test_start.js
[2025-07-13T09:56:08.089Z] [SESSION-1752400403009] [dashboard] [INFO] Running all tests via test_start.js
[2025-07-13T09:56:09.555Z] [SESSION-1752400403009] [dashboard] [INFO] Tests completed successfully
[2025-07-13T09:56:10.553Z] [SESSION-1752400403009] [dashboard] [INFO] Running all tests via test_start.js
[2025-07-13T09:56:12.116Z] [SESSION-1752400403009] [dashboard] [INFO] Tests completed successfully
[2025-07-13T09:56:13.086Z] [SESSION-1752400403009] [dashboard] [INFO] Running all tests via test_start.js
[2025-07-13T09:56:14.586Z] [SESSION-1752400403009] [dashboard] [INFO] Tests completed successfully
[2025-07-13T09:56:15.540Z] [SESSION-1752400403009] [dashboard] [INFO] Running all tests via test_start.js
[2025-07-13T09:56:17.129Z] [SESSION-1752400403009] [dashboard] [INFO] Tests completed successfully
[2025-07-13T09:56:25.819Z] [SESSION-1752400403009] [dashboard] [INFO] Running all tests via test_start.js
[2025-07-13T09:56:29.613Z] [SESSION-1752400403009] [dashboard] [INFO] Running all tests via test_start.js
[2025-07-13T09:56:29.849Z] [SESSION-1752400403009] [dashboard] [INFO] Tests completed successfully
[2025-07-13T09:56:32.282Z] [SESSION-1752400403009] [dashboard] [INFO] Running all tests via test_start.js
[2025-07-13T09:56:33.642Z] [SESSION-1752400403009] [dashboard] [INFO] Tests completed successfully
[2025-07-13T09:56:33.721Z] [SESSION-1752400403009] [dashboard] [INFO] Running all tests via test_start.js
[2025-07-13T09:56:33.772Z] [SESSION-1752400403009] [dashboard] [INFO] Running all tests via test_start.js
[2025-07-13T09:56:34.609Z] [SESSION-1752400403009] [dashboard] [INFO] Running all tests via test_start.js
[2025-07-13T09:56:34.981Z] [SESSION-1752400403009] [dashboard] [INFO] Running all tests via test_start.js
[2025-07-13T09:56:35.574Z] [SESSION-1752400403009] [dashboard] [INFO] Running all tests via test_start.js
[2025-07-13T09:56:36.405Z] [SESSION-1752400403009] [dashboard] [INFO] Tests completed successfully
[2025-07-13T09:56:37.755Z] [SESSION-1752400403009] [dashboard] [INFO] Tests completed successfully
[2025-07-13T09:56:37.812Z] [SESSION-1752400403009] [dashboard] [INFO] Tests completed successfully
[2025-07-13T09:56:38.661Z] [SESSION-1752400403009] [dashboard] [INFO] Tests completed successfully
[2025-07-13T09:56:44.553Z] [SESSION-1752400403009] [dashboard] [INFO] Running all tests via test_start.js
[2025-07-13T09:56:47.093Z] [SESSION-1752400403009] [dashboard] [INFO] Running all tests via test_start.js
[2025-07-13T09:56:48.611Z] [SESSION-1752400403009] [dashboard] [INFO] Tests completed successfully
[2025-07-13T09:56:49.576Z] [SESSION-1752400403009] [dashboard] [INFO] Running all tests via test_start.js
[2025-07-13T09:56:51.125Z] [SESSION-1752400403009] [dashboard] [INFO] Tests completed successfully
[2025-07-13T09:56:52.148Z] [SESSION-1752400403009] [dashboard] [INFO] Running all tests via test_start.js
[2025-07-13T09:56:53.613Z] [SESSION-1752400403009] [dashboard] [INFO] Tests completed successfully
[2025-07-13T09:56:54.664Z] [SESSION-1752400403009] [dashboard] [INFO] Running all tests via test_start.js
[2025-07-13T09:56:55.586Z] [SESSION-1752400403009] [dashboard] [INFO] Running all tests via test_start.js
[2025-07-13T09:56:56.223Z] [SESSION-1752400403009] [dashboard] [INFO] Tests completed successfully
[2025-07-13T09:56:58.699Z] [SESSION-1752400403009] [dashboard] [INFO] Tests completed successfully
[2025-07-13T09:57:04.803Z] [SESSION-1752400403009] [dashboard] [INFO] Running all tests via test_start.js
[2025-07-13T09:57:08.712Z] [SESSION-1752400403009] [dashboard] [INFO] Running all tests via test_start.js
[2025-07-13T09:57:08.879Z] [SESSION-1752400403009] [dashboard] [INFO] Tests completed successfully
[2025-07-13T09:57:11.427Z] [SESSION-1752400403009] [dashboard] [INFO] Running all tests via test_start.js
[2025-07-13T09:57:12.760Z] [SESSION-1752400403009] [dashboard] [INFO] Tests completed successfully
[2025-07-13T09:57:12.824Z] [SESSION-1752400403009] [dashboard] [INFO] Running all tests via test_start.js
[2025-07-13T09:57:12.975Z] [SESSION-1752400403009] [dashboard] [INFO] Running all tests via test_start.js
[2025-07-13T09:57:13.674Z] [SESSION-1752400403009] [dashboard] [INFO] Running all tests via test_start.js
[2025-07-13T09:57:14.459Z] [SESSION-1752400403009] [dashboard] [INFO] Running all tests via test_start.js
[2025-07-13T09:57:14.907Z] [SESSION-1752400403009] [dashboard] [INFO] Running all tests via test_start.js
[2025-07-13T09:57:15.531Z] [SESSION-1752400403009] [dashboard] [INFO] Tests completed successfully
[2025-07-13T09:57:15.609Z] [SESSION-1752400403009] [dashboard] [INFO] Running all tests via test_start.js
[2025-07-13T09:57:16.927Z] [SESSION-1752400403009] [dashboard] [INFO] Tests completed successfully
[2025-07-13T09:57:17.044Z] [SESSION-1752400403009] [dashboard] [INFO] Tests completed successfully
[2025-07-13T09:57:17.723Z] [SESSION-1752400403009] [dashboard] [INFO] Tests completed successfully
[2025-07-13T09:57:18.522Z] [SESSION-1752400403009] [dashboard] [INFO] Tests completed successfully
[2025-07-13T09:57:18.958Z] [SESSION-1752400403009] [dashboard] [INFO] Tests completed successfully
[2025-07-13T09:57:23.622Z] [SESSION-1752400403009] [dashboard] [INFO] Running all tests via test_start.js
[2025-07-13T09:57:26.252Z] [SESSION-1752400403009] [dashboard] [INFO] Running all tests via test_start.js
[2025-07-13T09:57:27.705Z] [SESSION-1752400403009] [dashboard] [INFO] Tests completed successfully
[2025-07-13T09:57:28.695Z] [SESSION-1752400403009] [dashboard] [INFO] Running all tests via test_start.js
[2025-07-13T09:57:30.299Z] [SESSION-1752400403009] [dashboard] [INFO] Tests completed successfully
[2025-07-13T09:57:31.251Z] [SESSION-1752400403009] [dashboard] [INFO] Running all tests via test_start.js
[2025-07-13T09:57:32.733Z] [SESSION-1752400403009] [dashboard] [INFO] Tests completed successfully
[2025-07-13T09:57:34.473Z] [SESSION-1752400403009] [dashboard] [INFO] Running all tests via test_start.js
[2025-07-13T09:57:35.307Z] [SESSION-1752400403009] [dashboard] [INFO] Tests completed successfully
[2025-07-13T09:57:35.392Z] [SESSION-1752400403009] [dashboard] [INFO] Running all tests via test_start.js
[2025-07-13T09:57:35.630Z] [SESSION-1752400403009] [dashboard] [INFO] Running all tests via test_start.js
[2025-07-13T09:57:38.531Z] [SESSION-1752400403009] [dashboard] [INFO] Tests completed successfully
[2025-07-13T09:57:39.439Z] [SESSION-1752400403009] [dashboard] [INFO] Tests completed successfully
[2025-07-13T09:57:44.867Z] [SESSION-1752400403009] [dashboard] [INFO] Running all tests via test_start.js
[2025-07-13T09:57:48.795Z] [SESSION-1752400403009] [dashboard] [INFO] Running all tests via test_start.js
[2025-07-13T09:57:48.913Z] [SESSION-1752400403009] [dashboard] [INFO] Tests completed successfully
[2025-07-13T09:57:51.441Z] [SESSION-1752400403009] [dashboard] [INFO] Running all tests via test_start.js
[2025-07-13T09:57:51.889Z] [SESSION-1752400671887] [dashboard] [INFO] Dashboard server started | {"port":3003}
[2025-07-13T09:57:52.954Z] [SESSION-1752400671887] [dashboard] [INFO] Running all tests via test_start.js
[2025-07-13T09:57:53.359Z] [SESSION-1752400671887] [dashboard] [INFO] Test run requested but tests are already running
[2025-07-13T09:57:55.656Z] [SESSION-1752400671887] [dashboard] [INFO] Test run requested but tests are already running
[2025-07-13T09:58:15.673Z] [SESSION-1752400671887] [dashboard] [INFO] Test run requested but tests are already running
[2025-07-13T09:58:33.169Z] [SESSION-1752400671887] [dashboard] [INFO] Test run requested but tests are already running
[2025-07-13T09:58:35.693Z] [SESSION-1752400671887] [dashboard] [INFO] Test run requested but tests are already running
[2025-07-13T09:58:37.217Z] [SESSION-1752400671887] [dashboard] [INFO] Tests completed successfully
[2025-07-13T09:58:55.717Z] [SESSION-1752400671887] [dashboard] [INFO] Running all tests via test_start.js
[2025-07-13T09:59:15.737Z] [SESSION-1752400671887] [dashboard] [INFO] Test run requested but tests are already running
[2025-07-13T09:59:35.756Z] [SESSION-1752400671887] [dashboard] [INFO] Test run requested but tests are already running
[2025-07-13T09:59:35.960Z] [SESSION-1752400671887] [dashboard] [INFO] Test run requested but tests are already running
[2025-07-13T09:59:39.994Z] [SESSION-1752400671887] [dashboard] [INFO] Tests completed successfully
[2025-07-13T09:59:55.779Z] [SESSION-1752400671887] [dashboard] [INFO] Running all tests via test_start.js
[2025-07-13T10:00:15.797Z] [SESSION-1752400671887] [dashboard] [INFO] Test run requested but tests are already running
[2025-07-13T10:00:35.816Z] [SESSION-1752400671887] [dashboard] [INFO] Test run requested but tests are already running
[2025-07-13T10:00:35.929Z] [SESSION-1752400671887] [dashboard] [INFO] Test run requested but tests are already running
[2025-07-13T10:00:39.957Z] [SESSION-1752400671887] [dashboard] [INFO] Tests completed successfully
[2025-07-13T10:00:55.832Z] [SESSION-1752400671887] [dashboard] [INFO] Running all tests via test_start.js
[2025-07-13T10:01:15.851Z] [SESSION-1752400671887] [dashboard] [INFO] Test run requested but tests are already running
[2025-07-13T10:01:35.871Z] [SESSION-1752400671887] [dashboard] [INFO] Test run requested but tests are already running
[2025-07-13T10:01:35.957Z] [SESSION-1752400671887] [dashboard] [INFO] Test run requested but tests are already running
[2025-07-13T10:01:39.973Z] [SESSION-1752400671887] [dashboard] [INFO] Tests completed successfully
[2025-07-13T10:01:55.883Z] [SESSION-1752400671887] [dashboard] [INFO] Running all tests via test_start.js
[2025-07-13T10:02:15.900Z] [SESSION-1752400671887] [dashboard] [INFO] Test run requested but tests are already running
[2025-07-13T10:02:29.449Z] [SESSION-1752400671887] [dashboard] [INFO] Test run requested but tests are already running
[2025-07-13T10:02:33.477Z] [SESSION-1752400671887] [dashboard] [INFO] Tests completed successfully
[2025-07-13T10:02:35.919Z] [SESSION-1752400671887] [dashboard] [INFO] Running all tests via test_start.js
[2025-07-13T10:02:45.617Z] [SESSION-1752400965614] [dashboard] [INFO] Dashboard server started | {"port":3003}
[2025-07-13T10:02:55.951Z] [SESSION-1752400965614] [dashboard] [INFO] Running all tests via test_start.js
[2025-07-13T10:03:15.961Z] [SESSION-1752400965614] [dashboard] [INFO] Test run requested but tests are already running
[2025-07-13T10:03:36.016Z] [SESSION-1752400965614] [dashboard] [INFO] Test run requested but tests are already running
[2025-07-13T10:03:56.022Z] [SESSION-1752400965614] [dashboard] [INFO] Test run requested but tests are already running
[2025-07-13T10:03:59.733Z] [SESSION-1752400965614] [dashboard] [INFO] Test run requested but tests are already running
[2025-07-13T10:04:03.801Z] [SESSION-1752400965614] [dashboard] [INFO] Tests completed successfully
[2025-07-13T10:04:03.952Z] [SESSION-1752401043950] [dashboard] [INFO] Dashboard server started | {"port":3003}
[2025-07-13T10:04:16.056Z] [SESSION-1752401043950] [dashboard] [INFO] Running all tests via test_start.js
[2025-07-13T10:04:36.071Z] [SESSION-1752401043950] [dashboard] [INFO] Test run requested but tests are already running
[2025-07-13T10:04:56.097Z] [SESSION-1752401043950] [dashboard] [INFO] Test run requested but tests are already running
[2025-07-13T10:05:16.120Z] [SESSION-1752401043950] [dashboard] [INFO] Test run requested but tests are already running
[2025-07-13T10:05:20.152Z] [SESSION-1752401043950] [dashboard] [INFO] Test run requested but tests are already running
[2025-07-13T10:05:24.219Z] [SESSION-1752401043950] [dashboard] [INFO] Tests completed successfully
[2025-07-13T10:05:36.146Z] [SESSION-1752401043950] [dashboard] [INFO] Running all tests via test_start.js
[2025-07-13T10:05:56.160Z] [SESSION-1752401043950] [dashboard] [INFO] Test run requested but tests are already running
[2025-07-13T10:06:16.179Z] [SESSION-1752401043950] [dashboard] [INFO] Test run requested but tests are already running
[2025-07-13T10:06:36.203Z] [SESSION-1752401043950] [dashboard] [INFO] Test run requested but tests are already running
[2025-07-13T10:06:39.772Z] [SESSION-1752401043950] [dashboard] [INFO] Test run requested but tests are already running
[2025-07-13T10:06:43.047Z] [SESSION-1752401203046] [dashboard] [INFO] Dashboard server started | {"port":3003}
[2025-07-13T10:06:56.244Z] [SESSION-1752401203046] [dashboard] [INFO] Running all tests via test_start.js
[2025-07-13T10:07:16.250Z] [SESSION-1752401203046] [dashboard] [INFO] Test run requested but tests are already running
[2025-07-13T10:07:36.275Z] [SESSION-1752401203046] [dashboard] [INFO] Test run requested but tests are already running
[2025-07-13T10:07:56.298Z] [SESSION-1752401203046] [dashboard] [INFO] Test run requested but tests are already running
[2025-07-13T10:07:59.562Z] [SESSION-1752401203046] [dashboard] [INFO] Test run requested but tests are already running
[2025-07-13T10:08:03.583Z] [SESSION-1752401203046] [dashboard] [INFO] Tests completed successfully
[2025-07-13T10:08:16.321Z] [SESSION-1752401203046] [dashboard] [INFO] Running all tests via test_start.js
[2025-07-13T10:08:36.340Z] [SESSION-1752401203046] [dashboard] [INFO] Test run requested but tests are already running
[2025-07-13T10:08:56.359Z] [SESSION-1752401203046] [dashboard] [INFO] Test run requested but tests are already running
[2025-07-13T10:09:16.379Z] [SESSION-1752401203046] [dashboard] [INFO] Test run requested but tests are already running
[2025-07-13T10:09:19.727Z] [SESSION-1752401203046] [dashboard] [INFO] Test run requested but tests are already running
[2025-07-13T10:09:23.749Z] [SESSION-1752401203046] [dashboard] [INFO] Tests completed successfully
[2025-07-13T10:09:36.399Z] [SESSION-1752401203046] [dashboard] [INFO] Running all tests via test_start.js
[2025-07-13T10:09:56.416Z] [SESSION-1752401203046] [dashboard] [INFO] Test run requested but tests are already running
[2025-07-13T10:10:16.439Z] [SESSION-1752401203046] [dashboard] [INFO] Test run requested but tests are already running
[2025-07-13T10:10:20.970Z] [SESSION-1752401420968] [dashboard] [INFO] Dashboard server started | {"port":3003}
[2025-07-13T10:10:36.466Z] [SESSION-1752401420968] [dashboard] [INFO] Running all tests via test_start.js
[2025-07-13T10:10:56.479Z] [SESSION-1752401420968] [dashboard] [INFO] Test run requested but tests are already running
[2025-07-13T10:11:16.502Z] [SESSION-1752401420968] [dashboard] [INFO] Test run requested but tests are already running
[2025-07-13T10:11:36.526Z] [SESSION-1752401420968] [dashboard] [INFO] Test run requested but tests are already running
[2025-07-13T10:11:50.527Z] [SESSION-1752401420968] [dashboard] [INFO] Test run requested but tests are already running
[2025-07-13T10:11:56.545Z] [SESSION-1752401420968] [dashboard] [INFO] Test run requested but tests are already running
[2025-07-13T10:12:07.549Z] [SESSION-1752401420968] [dashboard] [INFO] Test run requested but tests are already running
[2025-07-13T10:12:10.361Z] [SESSION-1752401420968] [dashboard] [ERROR] Test execution failed | {"error":"Command failed: node /Users/pauldsmith/Desktop/dev/prompter-1/meta3/test/test_mech/test_start.js\n","stderr":""}
[2025-07-13T10:12:16.560Z] [SESSION-1752401420968] [dashboard] [INFO] Running all tests via test_start.js
[2025-07-13T10:12:36.582Z] [SESSION-1752401420968] [dashboard] [INFO] Test run requested but tests are already running
[2025-07-13T10:12:56.604Z] [SESSION-1752401420968] [dashboard] [INFO] Test run requested but tests are already running
[2025-07-13T10:13:16.626Z] [SESSION-1752401420968] [dashboard] [INFO] Test run requested but tests are already running
[2025-07-13T10:13:30.713Z] [SESSION-1752401420968] [dashboard] [INFO] Test run requested but tests are already running
[2025-07-13T10:13:36.636Z] [SESSION-1752401420968] [dashboard] [INFO] Test run requested but tests are already running
[2025-07-13T10:13:57.419Z] [SESSION-1752401637417] [dashboard] [INFO] Dashboard server started | {"port":3003}
[2025-07-13T10:13:57.692Z] [SESSION-1752401637417] [dashboard] [INFO] Running all tests via test_start.js
[2025-07-13T10:14:17.704Z] [SESSION-1752401637417] [dashboard] [INFO] Test run requested but tests are already running
[2025-07-13T10:14:37.734Z] [SESSION-1752401637417] [dashboard] [INFO] Test run requested but tests are already running
[2025-07-13T10:14:57.763Z] [SESSION-1752401637417] [dashboard] [INFO] Test run requested but tests are already running
[2025-07-13T10:15:13.307Z] [SESSION-1752401637417] [dashboard] [INFO] Test run requested but tests are already running
[2025-07-13T10:15:17.777Z] [SESSION-1752401637417] [dashboard] [INFO] Test run requested but tests are already running
[2025-07-13T10:15:29.689Z] [SESSION-1752401637417] [dashboard] [INFO] Tests completed successfully
[2025-07-13T10:15:37.793Z] [SESSION-1752401637417] [dashboard] [INFO] Running all tests via test_start.js
[2025-07-13T10:15:57.813Z] [SESSION-1752401637417] [dashboard] [INFO] Test run requested but tests are already running
[2025-07-13T10:16:17.831Z] [SESSION-1752401637417] [dashboard] [INFO] Test run requested but tests are already running
[2025-07-13T10:16:37.854Z] [SESSION-1752401637417] [dashboard] [INFO] Test run requested but tests are already running
[2025-07-13T10:16:53.377Z] [SESSION-1752401637417] [dashboard] [INFO] Test run requested but tests are already running
[2025-07-13T10:16:57.877Z] [SESSION-1752401637417] [dashboard] [INFO] Test run requested but tests are already running
[2025-07-13T10:17:09.754Z] [SESSION-1752401637417] [dashboard] [INFO] Tests completed successfully
[2025-07-13T10:17:17.894Z] [SESSION-1752401637417] [dashboard] [INFO] Running all tests via test_start.js
[2025-07-13T10:17:37.926Z] [SESSION-1752401637417] [dashboard] [INFO] Test run requested but tests are already running
[2025-07-13T10:17:57.943Z] [SESSION-1752401637417] [dashboard] [INFO] Test run requested but tests are already running
[2025-07-13T10:18:17.965Z] [SESSION-1752401637417] [dashboard] [INFO] Test run requested but tests are already running
[2025-07-13T10:18:37.983Z] [SESSION-1752401637417] [dashboard] [INFO] Test run requested but tests are already running
[2025-07-13T10:18:58.006Z] [SESSION-1752401637417] [dashboard] [INFO] Test run requested but tests are already running
[2025-07-13T10:19:18.027Z] [SESSION-1752401637417] [dashboard] [INFO] Test run requested but tests are already running
[2025-07-13T10:19:23.406Z] [SESSION-1752401637417] [dashboard] [INFO] Test run requested but tests are already running
[2025-07-13T10:19:38.056Z] [SESSION-1752401637417] [dashboard] [INFO] Test run requested but tests are already running
[2025-07-13T10:19:50.312Z] [SESSION-1752401637417] [dashboard] [ERROR] Test execution failed | {"error":"Command failed: node /Users/pauldsmith/Desktop/dev/prompter-1/meta3/test/test_mech/test_start.js\n","stderr":""}
[2025-07-13T10:19:58.072Z] [SESSION-1752401637417] [dashboard] [INFO] Running all tests via test_start.js
[2025-07-13T10:20:18.093Z] [SESSION-1752401637417] [dashboard] [INFO] Test run requested but tests are already running
[2025-07-13T10:20:38.131Z] [SESSION-1752401637417] [dashboard] [INFO] Test run requested but tests are already running
[2025-07-13T10:20:58.141Z] [SESSION-1752401637417] [dashboard] [INFO] Test run requested but tests are already running
[2025-07-13T10:21:13.665Z] [SESSION-1752401637417] [dashboard] [INFO] Test run requested but tests are already running
[2025-07-13T10:21:18.158Z] [SESSION-1752401637417] [dashboard] [INFO] Test run requested but tests are already running
[2025-07-13T10:21:30.052Z] [SESSION-1752401637417] [dashboard] [INFO] Tests completed successfully
[2025-07-13T10:21:37.063Z] [SESSION-1752402097062] [dashboard] [INFO] Dashboard server started | {"port":3003}
[2025-07-13T10:21:38.210Z] [SESSION-1752402097062] [dashboard] [INFO] Running all tests via test_start.js
[2025-07-13T10:21:58.220Z] [SESSION-1752402097062] [dashboard] [INFO] Test run requested but tests are already running
[2025-07-13T10:22:18.240Z] [SESSION-1752402097062] [dashboard] [INFO] Test run requested but tests are already running
[2025-07-13T10:22:38.262Z] [SESSION-1752402097062] [dashboard] [INFO] Test run requested but tests are already running
[2025-07-13T10:22:55.040Z] [SESSION-1752402097062] [dashboard] [INFO] Tests completed successfully
[2025-07-13T10:22:58.284Z] [SESSION-1752402097062] [dashboard] [INFO] Running all tests via test_start.js
[2025-07-13T10:23:18.305Z] [SESSION-1752402097062] [dashboard] [INFO] Test run requested but tests are already running
[2025-07-13T10:23:38.325Z] [SESSION-1752402097062] [dashboard] [INFO] Test run requested but tests are already running
[2025-07-13T10:23:58.341Z] [SESSION-1752402097062] [dashboard] [INFO] Test run requested but tests are already running
[2025-07-13T10:24:13.911Z] [SESSION-1752402097062] [dashboard] [INFO] Test run requested but tests are already running
[2025-07-13T10:24:18.358Z] [SESSION-1752402097062] [dashboard] [INFO] Test run requested but tests are already running
[2025-07-13T10:24:30.304Z] [SESSION-1752402097062] [dashboard] [INFO] Tests completed successfully
[2025-07-13T10:24:38.379Z] [SESSION-1752402097062] [dashboard] [INFO] Running all tests via test_start.js
[2025-07-13T10:24:58.399Z] [SESSION-1752402097062] [dashboard] [INFO] Test run requested but tests are already running
[2025-07-13T10:25:18.416Z] [SESSION-1752402097062] [dashboard] [INFO] Test run requested but tests are already running
[2025-07-13T10:25:37.773Z] [SESSION-1752402097062] [dashboard] [INFO] Test run requested but tests are already running
[2025-07-13T10:25:39.454Z] [SESSION-1752402097062] [dashboard] [INFO] Test run requested but tests are already running
[2025-07-13T10:25:52.150Z] [SESSION-1752402097062] [dashboard] [INFO] Test run requested but tests are already running
[2025-07-13T10:25:59.481Z] [SESSION-1752402097062] [dashboard] [INFO] Test run requested but tests are already running
[2025-07-13T10:26:08.549Z] [SESSION-1752402097062] [dashboard] [ERROR] Test execution failed | {"error":"Command failed: node /Users/pauldsmith/Desktop/dev/prompter-1/meta3/test/test_mech/test_start.js\n","stderr":""}
[2025-07-13T10:26:19.502Z] [SESSION-1752402097062] [dashboard] [INFO] Running all tests via test_start.js
[2025-07-13T10:26:39.528Z] [SESSION-1752402097062] [dashboard] [INFO] Test run requested but tests are already running
[2025-07-13T10:26:59.554Z] [SESSION-1752402097062] [dashboard] [INFO] Test run requested but tests are already running
[2025-07-13T10:27:07.811Z] [SESSION-1752402427809] [dashboard] [INFO] Dashboard server started | {"port":3003}
[2025-07-13T10:27:19.581Z] [SESSION-1752402427809] [dashboard] [INFO] Running all tests via test_start.js
[2025-07-13T10:27:39.611Z] [SESSION-1752402427809] [dashboard] [INFO] Test run requested but tests are already running
[2025-07-13T10:27:59.631Z] [SESSION-1752402427809] [dashboard] [INFO] Test run requested but tests are already running
[2025-07-13T10:28:19.650Z] [SESSION-1752402427809] [dashboard] [INFO] Test run requested but tests are already running
[2025-07-13T10:28:35.214Z] [SESSION-1752402427809] [dashboard] [INFO] Test run requested but tests are already running
[2025-07-13T10:28:39.669Z] [SESSION-1752402427809] [dashboard] [INFO] Test run requested but tests are already running
[2025-07-13T10:28:49.183Z] [SESSION-1752402427809] [dashboard] [INFO] Tests completed successfully
[2025-07-13T10:28:59.692Z] [SESSION-1752402427809] [dashboard] [INFO] Running all tests via test_start.js
[2025-07-13T10:29:19.715Z] [SESSION-1752402427809] [dashboard] [INFO] Test run requested but tests are already running
[2025-07-13T10:29:39.734Z] [SESSION-1752402427809] [dashboard] [INFO] Test run requested but tests are already running
[2025-07-13T10:29:59.755Z] [SESSION-1752402427809] [dashboard] [INFO] Test run requested but tests are already running
[2025-07-13T10:30:15.294Z] [SESSION-1752402427809] [dashboard] [INFO] Test run requested but tests are already running
[2025-07-13T10:30:19.794Z] [SESSION-1752402427809] [dashboard] [INFO] Test run requested but tests are already running
[2025-07-13T10:30:29.156Z] [SESSION-1752402427809] [dashboard] [INFO] Tests completed successfully
[2025-07-13T10:30:39.819Z] [SESSION-1752402427809] [dashboard] [INFO] Running all tests via test_start.js
[2025-07-13T10:30:59.842Z] [SESSION-1752402427809] [dashboard] [INFO] Test run requested but tests are already running
[2025-07-13T10:31:19.861Z] [SESSION-1752402427809] [dashboard] [INFO] Test run requested but tests are already running
[2025-07-13T10:31:39.887Z] [SESSION-1752402427809] [dashboard] [INFO] Test run requested but tests are already running
[2025-07-13T10:31:55.442Z] [SESSION-1752402427809] [dashboard] [INFO] Test run requested but tests are already running
[2025-07-13T10:31:59.910Z] [SESSION-1752402427809] [dashboard] [INFO] Test run requested but tests are already running
[2025-07-13T10:32:09.316Z] [SESSION-1752402427809] [dashboard] [INFO] Tests completed successfully
[2025-07-13T10:32:19.932Z] [SESSION-1752402427809] [dashboard] [INFO] Running all tests via test_start.js
[2025-07-13T10:32:37.996Z] [SESSION-1752402427809] [dashboard] [INFO] Tests completed successfully
[2025-07-13T10:32:39.952Z] [SESSION-1752402427809] [dashboard] [INFO] Running all tests via test_start.js
[2025-07-13T10:32:57.937Z] [SESSION-1752402427809] [dashboard] [INFO] Tests completed successfully
[2025-07-13T10:32:59.972Z] [SESSION-1752402427809] [dashboard] [INFO] Running all tests via test_start.js
[2025-07-13T10:33:17.974Z] [SESSION-1752402427809] [dashboard] [INFO] Tests completed successfully
[2025-07-13T10:33:19.996Z] [SESSION-1752402427809] [dashboard] [INFO] Running all tests via test_start.js
[2025-07-13T10:33:37.917Z] [SESSION-1752402427809] [dashboard] [INFO] Tests completed successfully
[2025-07-13T10:33:40.023Z] [SESSION-1752402427809] [dashboard] [INFO] Running all tests via test_start.js
[2025-07-13T10:33:58.030Z] [SESSION-1752402427809] [dashboard] [INFO] Tests completed successfully
[2025-07-13T10:34:00.043Z] [SESSION-1752402427809] [dashboard] [INFO] Running all tests via test_start.js
[2025-07-13T10:34:17.879Z] [SESSION-1752402427809] [dashboard] [INFO] Tests completed successfully
[2025-07-13T10:34:20.063Z] [SESSION-1752402427809] [dashboard] [INFO] Running all tests via test_start.js
[2025-07-13T10:34:20.164Z] [SESSION-1752402427809] [dashboard] [ERROR] Test execution failed | {"error":"Command failed: node /Users/pauldsmith/Desktop/dev/prompter-1/meta3/test/test_mech/test_start_with_progress.js\nnode:internal/modules/cjs/loader:1372\n  throw err;\n  ^\n\nError: Cannot find module '../test_script/status_message_test'\nRequire stack:\n- /Users/pauldsmith/Desktop/dev/prompter-1/meta3/test/test_mech/test_start_with_progress.js\n    at Module._resolveFilename (node:internal/modules/cjs/loader:1369:15)\n    at defaultResolveImpl (node:internal/modules/cjs/loader:1025:19)\n    at resolveForCJSWithHooks (node:internal/modules/cjs/loader:1030:22)\n    at Module._load (node:internal/modules/cjs/loader:1179:37)\n    at TracingChannel.traceSync (node:diagnostics_channel:322:14)\n    at wrapModuleLoad (node:internal/modules/cjs/loader:235:24)\n    at Module.require (node:internal/modules/cjs/loader:1449:12)\n    at require (node:internal/modules/helpers:135:16)\n    at Object.<anonymous> (/Users/pauldsmith/Desktop/dev/prompter-1/meta3/test/test_mech/test_start_with_progress.js:16:29)\n    at Module._compile (node:internal/modules/cjs/loader:1692:14) {\n  code: 'MODULE_NOT_FOUND',\n  requireStack: [\n    '/Users/pauldsmith/Desktop/dev/prompter-1/meta3/test/test_mech/test_start_with_progress.js'\n  ]\n}\n\nNode.js v24.3.0\n","stderr":"node:internal/modules/cjs/loader:1372\n  throw err;\n  ^\n\nError: Cannot find module '../test_script/status_message_test'\nRequire stack:\n- /Users/pauldsmith/Desktop/dev/prompter-1/meta3/test/test_mech/test_start_with_progress.js\n    at Module._resolveFilename (node:internal/modules/cjs/loader:1369:15)\n    at defaultResolveImpl (node:internal/modules/cjs/loader:1025:19)\n    at resolveForCJSWithHooks (node:internal/modules/cjs/loader:1030:22)\n    at Module._load (node:internal/modules/cjs/loader:1179:37)\n    at TracingChannel.traceSync (node:diagnostics_channel:322:14)\n    at wrapModuleLoad (node:internal/modules/cjs/loader:235:24)\n    at Module.require (node:internal/modules/cjs/loader:1449:12)\n    at require (node:internal/modules/helpers:135:16)\n    at Object.<anonymous> (/Users/pauldsmith/Desktop/dev/prompter-1/meta3/test/test_mech/test_start_with_progress.js:16:29)\n    at Module._compile (node:internal/modules/cjs/loader:1692:14) {\n  code: 'MODULE_NOT_FOUND',\n  requireStack: [\n    '/Users/pauldsmith/Desktop/dev/prompter-1/meta3/test/test_mech/test_start_with_progress.js'\n  ]\n}\n\nNode.js v24.3.0\n"}
[2025-07-13T10:34:40.086Z] [SESSION-1752402427809] [dashboard] [INFO] Running all tests via test_start.js
[2025-07-13T10:34:40.183Z] [SESSION-1752402427809] [dashboard] [ERROR] Test execution failed | {"error":"Command failed: node /Users/pauldsmith/Desktop/dev/prompter-1/meta3/test/test_mech/test_start_with_progress.js\nnode:internal/modules/cjs/loader:1372\n  throw err;\n  ^\n\nError: Cannot find module '../test_script/status_message_test'\nRequire stack:\n- /Users/pauldsmith/Desktop/dev/prompter-1/meta3/test/test_mech/test_start_with_progress.js\n    at Module._resolveFilename (node:internal/modules/cjs/loader:1369:15)\n    at defaultResolveImpl (node:internal/modules/cjs/loader:1025:19)\n    at resolveForCJSWithHooks (node:internal/modules/cjs/loader:1030:22)\n    at Module._load (node:internal/modules/cjs/loader:1179:37)\n    at TracingChannel.traceSync (node:diagnostics_channel:322:14)\n    at wrapModuleLoad (node:internal/modules/cjs/loader:235:24)\n    at Module.require (node:internal/modules/cjs/loader:1449:12)\n    at require (node:internal/modules/helpers:135:16)\n    at Object.<anonymous> (/Users/pauldsmith/Desktop/dev/prompter-1/meta3/test/test_mech/test_start_with_progress.js:16:29)\n    at Module._compile (node:internal/modules/cjs/loader:1692:14) {\n  code: 'MODULE_NOT_FOUND',\n  requireStack: [\n    '/Users/pauldsmith/Desktop/dev/prompter-1/meta3/test/test_mech/test_start_with_progress.js'\n  ]\n}\n\nNode.js v24.3.0\n","stderr":"node:internal/modules/cjs/loader:1372\n  throw err;\n  ^\n\nError: Cannot find module '../test_script/status_message_test'\nRequire stack:\n- /Users/pauldsmith/Desktop/dev/prompter-1/meta3/test/test_mech/test_start_with_progress.js\n    at Module._resolveFilename (node:internal/modules/cjs/loader:1369:15)\n    at defaultResolveImpl (node:internal/modules/cjs/loader:1025:19)\n    at resolveForCJSWithHooks (node:internal/modules/cjs/loader:1030:22)\n    at Module._load (node:internal/modules/cjs/loader:1179:37)\n    at TracingChannel.traceSync (node:diagnostics_channel:322:14)\n    at wrapModuleLoad (node:internal/modules/cjs/loader:235:24)\n    at Module.require (node:internal/modules/cjs/loader:1449:12)\n    at require (node:internal/modules/helpers:135:16)\n    at Object.<anonymous> (/Users/pauldsmith/Desktop/dev/prompter-1/meta3/test/test_mech/test_start_with_progress.js:16:29)\n    at Module._compile (node:internal/modules/cjs/loader:1692:14) {\n  code: 'MODULE_NOT_FOUND',\n  requireStack: [\n    '/Users/pauldsmith/Desktop/dev/prompter-1/meta3/test/test_mech/test_start_with_progress.js'\n  ]\n}\n\nNode.js v24.3.0\n"}
[2025-07-13T10:34:56.849Z] [SESSION-1752402427809] [dashboard] [INFO] Running all tests via test_start.js
[2025-07-13T10:34:56.946Z] [SESSION-1752402427809] [dashboard] [ERROR] Test execution failed | {"error":"Command failed: node /Users/pauldsmith/Desktop/dev/prompter-1/meta3/test/test_mech/test_start_with_progress.js\nnode:internal/modules/cjs/loader:1372\n  throw err;\n  ^\n\nError: Cannot find module '../test_script/status_message_test'\nRequire stack:\n- /Users/pauldsmith/Desktop/dev/prompter-1/meta3/test/test_mech/test_start_with_progress.js\n    at Module._resolveFilename (node:internal/modules/cjs/loader:1369:15)\n    at defaultResolveImpl (node:internal/modules/cjs/loader:1025:19)\n    at resolveForCJSWithHooks (node:internal/modules/cjs/loader:1030:22)\n    at Module._load (node:internal/modules/cjs/loader:1179:37)\n    at TracingChannel.traceSync (node:diagnostics_channel:322:14)\n    at wrapModuleLoad (node:internal/modules/cjs/loader:235:24)\n    at Module.require (node:internal/modules/cjs/loader:1449:12)\n    at require (node:internal/modules/helpers:135:16)\n    at Object.<anonymous> (/Users/pauldsmith/Desktop/dev/prompter-1/meta3/test/test_mech/test_start_with_progress.js:16:29)\n    at Module._compile (node:internal/modules/cjs/loader:1692:14) {\n  code: 'MODULE_NOT_FOUND',\n  requireStack: [\n    '/Users/pauldsmith/Desktop/dev/prompter-1/meta3/test/test_mech/test_start_with_progress.js'\n  ]\n}\n\nNode.js v24.3.0\n","stderr":"node:internal/modules/cjs/loader:1372\n  throw err;\n  ^\n\nError: Cannot find module '../test_script/status_message_test'\nRequire stack:\n- /Users/pauldsmith/Desktop/dev/prompter-1/meta3/test/test_mech/test_start_with_progress.js\n    at Module._resolveFilename (node:internal/modules/cjs/loader:1369:15)\n    at defaultResolveImpl (node:internal/modules/cjs/loader:1025:19)\n    at resolveForCJSWithHooks (node:internal/modules/cjs/loader:1030:22)\n    at Module._load (node:internal/modules/cjs/loader:1179:37)\n    at TracingChannel.traceSync (node:diagnostics_channel:322:14)\n    at wrapModuleLoad (node:internal/modules/cjs/loader:235:24)\n    at Module.require (node:internal/modules/cjs/loader:1449:12)\n    at require (node:internal/modules/helpers:135:16)\n    at Object.<anonymous> (/Users/pauldsmith/Desktop/dev/prompter-1/meta3/test/test_mech/test_start_with_progress.js:16:29)\n    at Module._compile (node:internal/modules/cjs/loader:1692:14) {\n  code: 'MODULE_NOT_FOUND',\n  requireStack: [\n    '/Users/pauldsmith/Desktop/dev/prompter-1/meta3/test/test_mech/test_start_with_progress.js'\n  ]\n}\n\nNode.js v24.3.0\n"}
[2025-07-13T10:35:16.868Z] [SESSION-1752402427809] [dashboard] [INFO] Running all tests via test_start.js
[2025-07-13T10:35:34.987Z] [SESSION-1752402427809] [dashboard] [INFO] Tests completed successfully
[2025-07-13T10:35:36.889Z] [SESSION-1752402427809] [dashboard] [INFO] Running all tests via test_start.js
[2025-07-13T10:35:55.068Z] [SESSION-1752402427809] [dashboard] [INFO] Tests completed successfully
[2025-07-13T10:35:56.914Z] [SESSION-1752402427809] [dashboard] [INFO] Running all tests via test_start.js
[2025-07-13T10:36:16.937Z] [SESSION-1752402427809] [dashboard] [INFO] Test run requested but tests are already running
[2025-07-13T10:36:36.956Z] [SESSION-1752402427809] [dashboard] [INFO] Test run requested but tests are already running
[2025-07-13T10:36:56.973Z] [SESSION-1752402427809] [dashboard] [INFO] Test run requested but tests are already running
[2025-07-13T10:37:03.853Z] [SESSION-1752402427809] [dashboard] [INFO] Test run requested but tests are already running
[2025-07-13T10:37:14.642Z] [SESSION-1752402427809] [dashboard] [INFO] Test run requested but tests are already running
[2025-07-13T10:37:16.991Z] [SESSION-1752402427809] [dashboard] [INFO] Test run requested but tests are already running
[2025-07-13T10:37:28.502Z] [SESSION-1752402427809] [dashboard] [INFO] Tests completed successfully
[2025-07-13T10:37:37.014Z] [SESSION-1752402427809] [dashboard] [INFO] Running all tests via test_start.js
[2025-07-13T10:37:57.038Z] [SESSION-1752402427809] [dashboard] [INFO] Test run requested but tests are already running
[2025-07-13T10:38:17.056Z] [SESSION-1752402427809] [dashboard] [INFO] Test run requested but tests are already running
[2025-07-13T10:38:37.073Z] [SESSION-1752402427809] [dashboard] [INFO] Test run requested but tests are already running
[2025-07-13T10:38:54.879Z] [SESSION-1752402427809] [dashboard] [INFO] Test run requested but tests are already running
[2025-07-13T10:38:57.088Z] [SESSION-1752402427809] [dashboard] [INFO] Test run requested but tests are already running
[2025-07-13T10:39:08.715Z] [SESSION-1752402427809] [dashboard] [INFO] Tests completed successfully
[2025-07-13T10:39:17.107Z] [SESSION-1752402427809] [dashboard] [INFO] Running all tests via test_start.js
[2025-07-13T10:39:37.124Z] [SESSION-1752402427809] [dashboard] [INFO] Test run requested but tests are already running
[2025-07-13T10:39:57.144Z] [SESSION-1752402427809] [dashboard] [INFO] Test run requested but tests are already running
[2025-07-13T10:39:57.418Z] [SESSION-1752402427809] [dashboard] [INFO] Test run requested but tests are already running
[2025-07-13T10:40:07.182Z] [SESSION-1752402427809] [dashboard] [INFO] Test run requested but tests are already running
[2025-07-13T10:40:17.168Z] [SESSION-1752402427809] [dashboard] [INFO] Test run requested but tests are already running
[2025-07-13T10:40:37.188Z] [SESSION-1752402427809] [dashboard] [INFO] Test run requested but tests are already running
[2025-07-13T10:40:51.347Z] [SESSION-1752402427809] [dashboard] [ERROR] Test execution failed | {"error":"Command failed: node /Users/pauldsmith/Desktop/dev/prompter-1/meta3/test/test_mech/test_start_with_progress.js\n","stderr":""}
[2025-07-13T10:40:57.206Z] [SESSION-1752402427809] [dashboard] [INFO] Running all tests via test_start.js
[2025-07-13T10:41:17.225Z] [SESSION-1752402427809] [dashboard] [INFO] Test run requested but tests are already running
[2025-07-13T10:41:37.241Z] [SESSION-1752402427809] [dashboard] [INFO] Test run requested but tests are already running
[2025-07-13T10:41:37.534Z] [SESSION-1752402427809] [dashboard] [INFO] Test run requested but tests are already running
[2025-07-13T10:41:57.258Z] [SESSION-1752402427809] [dashboard] [INFO] Test run requested but tests are already running
[2025-07-13T10:42:17.281Z] [SESSION-1752402427809] [dashboard] [INFO] Test run requested but tests are already running
[2025-07-13T10:42:31.595Z] [SESSION-1752402427809] [dashboard] [ERROR] Test execution failed | {"error":"Command failed: node /Users/pauldsmith/Desktop/dev/prompter-1/meta3/test/test_mech/test_start_with_progress.js\n","stderr":""}
[2025-07-13T10:42:37.300Z] [SESSION-1752402427809] [dashboard] [INFO] Running all tests via test_start.js
[2025-07-13T10:42:57.318Z] [SESSION-1752402427809] [dashboard] [INFO] Test run requested but tests are already running
[2025-07-13T10:43:17.338Z] [SESSION-1752402427809] [dashboard] [INFO] Test run requested but tests are already running
[2025-07-13T10:43:17.650Z] [SESSION-1752402427809] [dashboard] [INFO] Test run requested but tests are already running
[2025-07-13T10:43:37.356Z] [SESSION-1752402427809] [dashboard] [INFO] Test run requested but tests are already running
[2025-07-13T10:43:57.374Z] [SESSION-1752402427809] [dashboard] [INFO] Test run requested but tests are already running
[2025-07-13T10:44:11.601Z] [SESSION-1752402427809] [dashboard] [ERROR] Test execution failed | {"error":"Command failed: node /Users/pauldsmith/Desktop/dev/prompter-1/meta3/test/test_mech/test_start_with_progress.js\n","stderr":""}
[2025-07-13T10:44:17.392Z] [SESSION-1752402427809] [dashboard] [INFO] Running all tests via test_start.js
[2025-07-13T10:44:37.410Z] [SESSION-1752402427809] [dashboard] [INFO] Test run requested but tests are already running
[2025-07-13T10:44:57.430Z] [SESSION-1752402427809] [dashboard] [INFO] Test run requested but tests are already running
[2025-07-13T10:44:57.755Z] [SESSION-1752402427809] [dashboard] [INFO] Test run requested but tests are already running
[2025-07-13T10:45:17.450Z] [SESSION-1752402427809] [dashboard] [INFO] Test run requested but tests are already running
[2025-07-13T10:45:37.470Z] [SESSION-1752402427809] [dashboard] [INFO] Test run requested but tests are already running
[2025-07-13T10:45:51.683Z] [SESSION-1752402427809] [dashboard] [ERROR] Test execution failed | {"error":"Command failed: node /Users/pauldsmith/Desktop/dev/prompter-1/meta3/test/test_mech/test_start_with_progress.js\n","stderr":""}
[2025-07-13T10:45:57.489Z] [SESSION-1752402427809] [dashboard] [INFO] Running all tests via test_start.js
[2025-07-13T10:47:42.930Z] [SESSION-1752402427809] [dashboard] [ERROR] Test execution failed | {"error":"Command failed: node /Users/pauldsmith/Desktop/dev/prompter-1/meta3/test/test_mech/test_start_with_progress.js\n","stderr":""}
[2025-07-13T10:53:09.992Z] [SESSION-1752403989990] [dashboard] [INFO] Dashboard server started | {"port":3003}
[2025-07-13T10:59:07.025Z] [SESSION-1752403989990] [dashboard] [INFO] Running all tests via test_start.js | {"headless":false}
[2025-07-13T10:59:07.709Z] [SESSION-1752403989990] [dashboard] [INFO] Test run requested but tests are already running
[2025-07-13T10:59:27.747Z] [SESSION-1752403989990] [dashboard] [INFO] Test run requested but tests are already running
[2025-07-13T10:59:47.528Z] [SESSION-1752403989990] [dashboard] [INFO] Test run requested but tests are already running
[2025-07-13T10:59:47.777Z] [SESSION-1752403989990] [dashboard] [INFO] Test run requested but tests are already running
[2025-07-13T11:00:07.802Z] [SESSION-1752403989990] [dashboard] [INFO] Test run requested but tests are already running
[2025-07-13T11:00:09.509Z] [SESSION-1752403989990] [dashboard] [INFO] Test run requested but tests are already running
[2025-07-13T11:00:21.024Z] [SESSION-1752403989990] [dashboard] [INFO] Test run requested but tests are already running
[2025-07-13T11:00:21.646Z] [SESSION-1752403989990] [dashboard] [INFO] Test run requested but tests are already running
[2025-07-13T11:00:22.063Z] [SESSION-1752403989990] [dashboard] [INFO] Test run requested but tests are already running
[2025-07-13T11:00:22.590Z] [SESSION-1752403989990] [dashboard] [INFO] Test run requested but tests are already running
[2025-07-13T11:00:41.334Z] [SESSION-1752403989990] [dashboard] [ERROR] Test execution failed | {"error":"Command failed: node /Users/pauldsmith/Desktop/dev/prompter-1/meta3/test/test_mech/test_start_with_progress.js\n","stderr":""}
[2025-07-13T11:00:42.621Z] [SESSION-1752403989990] [dashboard] [INFO] Running all tests via test_start.js | {"headless":false}
[2025-07-13T11:01:02.658Z] [SESSION-1752403989990] [dashboard] [INFO] Test run requested but tests are already running
[2025-07-13T11:01:22.695Z] [SESSION-1752403989990] [dashboard] [INFO] Test run requested but tests are already running
[2025-07-13T11:01:22.955Z] [SESSION-1752403989990] [dashboard] [INFO] Test run requested but tests are already running
[2025-07-13T11:01:42.734Z] [SESSION-1752403989990] [dashboard] [INFO] Test run requested but tests are already running
[2025-07-13T11:01:44.919Z] [SESSION-1752403989990] [dashboard] [INFO] Test run requested but tests are already running
[2025-07-13T11:02:02.775Z] [SESSION-1752403989990] [dashboard] [INFO] Test run requested but tests are already running
[2025-07-13T11:02:16.748Z] [SESSION-1752403989990] [dashboard] [ERROR] Test execution failed | {"error":"Command failed: node /Users/pauldsmith/Desktop/dev/prompter-1/meta3/test/test_mech/test_start_with_progress.js\n","stderr":""}
[2025-07-13T11:02:22.822Z] [SESSION-1752403989990] [dashboard] [INFO] Running all tests via test_start.js | {"headless":false}
[2025-07-13T11:02:42.861Z] [SESSION-1752403989990] [dashboard] [INFO] Test run requested but tests are already running
[2025-07-13T11:03:02.897Z] [SESSION-1752403989990] [dashboard] [INFO] Test run requested but tests are already running
[2025-07-13T11:03:03.358Z] [SESSION-1752403989990] [dashboard] [INFO] Test run requested but tests are already running
[2025-07-13T11:03:22.930Z] [SESSION-1752403989990] [dashboard] [INFO] Test run requested but tests are already running
[2025-07-13T11:03:42.961Z] [SESSION-1752403989990] [dashboard] [INFO] Test run requested but tests are already running
[2025-07-13T11:04:01.048Z] [SESSION-1752403989990] [dashboard] [INFO] Tests completed successfully
[2025-07-13T11:04:03.002Z] [SESSION-1752403989990] [dashboard] [INFO] Running all tests via test_start.js | {"headless":false}
[2025-07-13T11:04:23.047Z] [SESSION-1752403989990] [dashboard] [INFO] Test run requested but tests are already running
[2025-07-13T11:04:43.079Z] [SESSION-1752403989990] [dashboard] [INFO] Test run requested but tests are already running
[2025-07-13T11:04:43.385Z] [SESSION-1752403989990] [dashboard] [INFO] Test run requested but tests are already running
[2025-07-13T11:05:03.115Z] [SESSION-1752403989990] [dashboard] [INFO] Test run requested but tests are already running
[2025-07-13T11:05:23.149Z] [SESSION-1752403989990] [dashboard] [INFO] Test run requested but tests are already running
[2025-07-13T11:05:41.052Z] [SESSION-1752403989990] [dashboard] [INFO] Tests completed successfully
[2025-07-13T11:05:43.178Z] [SESSION-1752403989990] [dashboard] [INFO] Running all tests via test_start.js | {"headless":false}
[2025-07-13T11:06:03.214Z] [SESSION-1752403989990] [dashboard] [INFO] Test run requested but tests are already running
[2025-07-13T11:06:11.613Z] [SESSION-1752403989990] [dashboard] [INFO] Test run requested but tests are already running
[2025-07-13T11:06:12.958Z] [SESSION-1752403989990] [dashboard] [INFO] Test run requested but tests are already running
[2025-07-13T11:06:23.668Z] [SESSION-1752403989990] [dashboard] [INFO] Test run requested but tests are already running
[2025-07-13T11:06:32.993Z] [SESSION-1752403989990] [dashboard] [INFO] Test run requested but tests are already running
[2025-07-13T11:06:53.037Z] [SESSION-1752403989990] [dashboard] [INFO] Test run requested but tests are already running
[2025-07-13T11:07:13.075Z] [SESSION-1752403989990] [dashboard] [INFO] Test run requested but tests are already running
[2025-07-13T11:07:21.240Z] [SESSION-1752403989990] [dashboard] [ERROR] Test execution failed | {"error":"Command failed: node /Users/pauldsmith/Desktop/dev/prompter-1/meta3/test/test_mech/test_start_with_progress.js\n","stderr":""}
[2025-07-13T11:07:33.098Z] [SESSION-1752403989990] [dashboard] [INFO] Running all tests via test_start.js | {"headless":true}
[2025-07-13T11:07:53.132Z] [SESSION-1752403989990] [dashboard] [INFO] Test run requested but tests are already running
[2025-07-13T11:08:13.156Z] [SESSION-1752403989990] [dashboard] [INFO] Test run requested but tests are already running
[2025-07-13T11:08:13.257Z] [SESSION-1752403989990] [dashboard] [INFO] Test run requested but tests are already running
[2025-07-13T11:08:33.193Z] [SESSION-1752403989990] [dashboard] [INFO] Test run requested but tests are already running
[2025-07-13T11:08:53.233Z] [SESSION-1752403989990] [dashboard] [INFO] Test run requested but tests are already running
[2025-07-13T11:09:10.901Z] [SESSION-1752403989990] [dashboard] [ERROR] Test execution failed | {"error":"Command failed: node /Users/pauldsmith/Desktop/dev/prompter-1/meta3/test/test_mech/test_start_with_progress.js --headless\n","stderr":""}
[2025-07-13T11:09:13.260Z] [SESSION-1752403989990] [dashboard] [INFO] Running all tests via test_start.js | {"headless":true}
[2025-07-13T11:09:33.296Z] [SESSION-1752403989990] [dashboard] [INFO] Test run requested but tests are already running
[2025-07-13T11:09:53.333Z] [SESSION-1752403989990] [dashboard] [INFO] Test run requested but tests are already running
[2025-07-13T11:09:53.430Z] [SESSION-1752403989990] [dashboard] [INFO] Test run requested but tests are already running
[2025-07-13T11:10:13.354Z] [SESSION-1752403989990] [dashboard] [INFO] Test run requested but tests are already running
[2025-07-13T11:10:33.381Z] [SESSION-1752403989990] [dashboard] [INFO] Test run requested but tests are already running
[2025-07-13T11:10:50.980Z] [SESSION-1752403989990] [dashboard] [INFO] Tests completed successfully
[2025-07-13T11:10:53.415Z] [SESSION-1752403989990] [dashboard] [INFO] Running all tests via test_start.js | {"headless":true}
[2025-07-13T11:11:13.445Z] [SESSION-1752403989990] [dashboard] [INFO] Test run requested but tests are already running
[2025-07-13T11:11:33.474Z] [SESSION-1752403989990] [dashboard] [INFO] Test run requested but tests are already running
[2025-07-13T11:11:33.631Z] [SESSION-1752403989990] [dashboard] [INFO] Test run requested but tests are already running
[2025-07-13T11:11:53.509Z] [SESSION-1752403989990] [dashboard] [INFO] Test run requested but tests are already running
[2025-07-13T11:12:13.543Z] [SESSION-1752403989990] [dashboard] [INFO] Test run requested but tests are already running
[2025-07-13T11:12:31.306Z] [SESSION-1752403989990] [dashboard] [INFO] Tests completed successfully
[2025-07-13T11:12:33.579Z] [SESSION-1752403989990] [dashboard] [INFO] Running all tests via test_start.js | {"headless":true}
[2025-07-13T11:12:53.615Z] [SESSION-1752403989990] [dashboard] [INFO] Test run requested but tests are already running
[2025-07-13T11:13:13.658Z] [SESSION-1752403989990] [dashboard] [INFO] Test run requested but tests are already running
[2025-07-13T11:13:13.860Z] [SESSION-1752403989990] [dashboard] [INFO] Test run requested but tests are already running
[2025-07-13T11:13:33.694Z] [SESSION-1752403989990] [dashboard] [INFO] Test run requested but tests are already running
[2025-07-13T11:13:53.722Z] [SESSION-1752403989990] [dashboard] [INFO] Test run requested but tests are already running
[2025-07-13T11:14:11.547Z] [SESSION-1752403989990] [dashboard] [INFO] Tests completed successfully
[2025-07-13T11:14:13.747Z] [SESSION-1752403989990] [dashboard] [INFO] Running all tests via test_start.js | {"headless":true}
[2025-07-13T11:14:33.773Z] [SESSION-1752403989990] [dashboard] [INFO] Test run requested but tests are already running
[2025-07-13T11:14:53.812Z] [SESSION-1752403989990] [dashboard] [INFO] Test run requested but tests are already running
[2025-07-13T11:14:53.976Z] [SESSION-1752403989990] [dashboard] [INFO] Test run requested but tests are already running
[2025-07-13T11:15:13.839Z] [SESSION-1752403989990] [dashboard] [INFO] Test run requested but tests are already running
[2025-07-13T11:15:33.866Z] [SESSION-1752403989990] [dashboard] [INFO] Test run requested but tests are already running
[2025-07-13T11:15:42.280Z] [SESSION-1752403989990] [dashboard] [INFO] Test run requested but tests are already running
[2025-07-13T11:15:51.524Z] [SESSION-1752403989990] [dashboard] [INFO] Tests completed successfully
[2025-07-13T11:15:53.895Z] [SESSION-1752403989990] [dashboard] [INFO] Running all tests via test_start.js | {"headless":false}
[2025-07-13T11:16:13.925Z] [SESSION-1752403989990] [dashboard] [INFO] Test run requested but tests are already running
[2025-07-13T11:16:33.968Z] [SESSION-1752403989990] [dashboard] [INFO] Test run requested but tests are already running
[2025-07-13T11:16:34.403Z] [SESSION-1752403989990] [dashboard] [INFO] Test run requested but tests are already running
[2025-07-13T11:16:53.998Z] [SESSION-1752403989990] [dashboard] [INFO] Test run requested but tests are already running
[2025-07-13T11:17:14.034Z] [SESSION-1752403989990] [dashboard] [INFO] Test run requested but tests are already running
[2025-07-13T11:17:31.954Z] [SESSION-1752403989990] [dashboard] [INFO] Tests completed successfully
[2025-07-13T11:17:34.070Z] [SESSION-1752403989990] [dashboard] [INFO] Running all tests via test_start.js | {"headless":false}
[2025-07-13T11:17:54.096Z] [SESSION-1752403989990] [dashboard] [INFO] Test run requested but tests are already running
[2025-07-13T11:18:14.129Z] [SESSION-1752403989990] [dashboard] [INFO] Test run requested but tests are already running
[2025-07-13T11:18:14.587Z] [SESSION-1752403989990] [dashboard] [INFO] Test run requested but tests are already running
[2025-07-13T11:18:34.165Z] [SESSION-1752403989990] [dashboard] [INFO] Test run requested but tests are already running
[2025-07-13T11:18:54.199Z] [SESSION-1752403989990] [dashboard] [INFO] Test run requested but tests are already running
[2025-07-13T11:19:12.251Z] [SESSION-1752403989990] [dashboard] [INFO] Tests completed successfully
[2025-07-13T11:19:14.224Z] [SESSION-1752403989990] [dashboard] [INFO] Running all tests via test_start.js | {"headless":false}
[2025-07-13T11:19:34.256Z] [SESSION-1752403989990] [dashboard] [INFO] Test run requested but tests are already running
[2025-07-13T11:19:54.293Z] [SESSION-1752403989990] [dashboard] [INFO] Test run requested but tests are already running
[2025-07-13T11:19:54.725Z] [SESSION-1752403989990] [dashboard] [INFO] Test run requested but tests are already running
[2025-07-13T11:20:14.329Z] [SESSION-1752403989990] [dashboard] [INFO] Test run requested but tests are already running
[2025-07-13T11:20:34.365Z] [SESSION-1752403989990] [dashboard] [INFO] Test run requested but tests are already running
[2025-07-13T11:20:52.306Z] [SESSION-1752403989990] [dashboard] [INFO] Tests completed successfully
[2025-07-13T11:20:54.399Z] [SESSION-1752403989990] [dashboard] [INFO] Running all tests via test_start.js | {"headless":false}
[2025-07-13T11:21:14.426Z] [SESSION-1752403989990] [dashboard] [INFO] Test run requested but tests are already running
[2025-07-13T11:21:34.462Z] [SESSION-1752403989990] [dashboard] [INFO] Test run requested but tests are already running
[2025-07-13T11:21:34.952Z] [SESSION-1752403989990] [dashboard] [INFO] Test run requested but tests are already running
[2025-07-13T11:21:54.500Z] [SESSION-1752403989990] [dashboard] [INFO] Test run requested but tests are already running
[2025-07-13T11:22:14.532Z] [SESSION-1752403989990] [dashboard] [INFO] Test run requested but tests are already running
[2025-07-13T11:22:32.760Z] [SESSION-1752403989990] [dashboard] [INFO] Tests completed successfully
[2025-07-13T11:22:34.567Z] [SESSION-1752403989990] [dashboard] [INFO] Running all tests via test_start.js | {"headless":false}
[2025-07-13T11:22:54.600Z] [SESSION-1752403989990] [dashboard] [INFO] Test run requested but tests are already running
[2025-07-13T11:23:14.625Z] [SESSION-1752403989990] [dashboard] [INFO] Test run requested but tests are already running
[2025-07-13T11:23:15.077Z] [SESSION-1752403989990] [dashboard] [INFO] Test run requested but tests are already running
[2025-07-13T11:23:34.653Z] [SESSION-1752403989990] [dashboard] [INFO] Test run requested but tests are already running
[2025-07-13T11:23:54.686Z] [SESSION-1752403989990] [dashboard] [INFO] Test run requested but tests are already running
[2025-07-13T11:24:12.763Z] [SESSION-1752403989990] [dashboard] [INFO] Tests completed successfully
[2025-07-13T11:24:14.721Z] [SESSION-1752403989990] [dashboard] [INFO] Running all tests via test_start.js | {"headless":false}
[2025-07-13T11:24:34.758Z] [SESSION-1752403989990] [dashboard] [INFO] Test run requested but tests are already running
[2025-07-13T11:24:54.794Z] [SESSION-1752403989990] [dashboard] [INFO] Test run requested but tests are already running
[2025-07-13T11:24:55.246Z] [SESSION-1752403989990] [dashboard] [INFO] Test run requested but tests are already running
[2025-07-13T11:25:14.819Z] [SESSION-1752403989990] [dashboard] [INFO] Test run requested but tests are already running
[2025-07-13T11:25:34.855Z] [SESSION-1752403989990] [dashboard] [INFO] Test run requested but tests are already running
[2025-07-13T11:25:53.078Z] [SESSION-1752403989990] [dashboard] [INFO] Tests completed successfully
[2025-07-13T11:25:54.891Z] [SESSION-1752403989990] [dashboard] [INFO] Running all tests via test_start.js | {"headless":false}
[2025-07-13T11:26:14.926Z] [SESSION-1752403989990] [dashboard] [INFO] Test run requested but tests are already running
[2025-07-13T11:26:34.955Z] [SESSION-1752403989990] [dashboard] [INFO] Test run requested but tests are already running
[2025-07-13T11:26:35.413Z] [SESSION-1752403989990] [dashboard] [INFO] Test run requested but tests are already running
[2025-07-13T11:26:54.990Z] [SESSION-1752403989990] [dashboard] [INFO] Test run requested but tests are already running
[2025-07-13T11:27:15.027Z] [SESSION-1752403989990] [dashboard] [INFO] Test run requested but tests are already running
[2025-07-13T11:27:33.172Z] [SESSION-1752403989990] [dashboard] [INFO] Tests completed successfully
[2025-07-13T11:27:35.067Z] [SESSION-1752403989990] [dashboard] [INFO] Running all tests via test_start.js | {"headless":false}
[2025-07-13T11:27:55.102Z] [SESSION-1752403989990] [dashboard] [INFO] Test run requested but tests are already running
[2025-07-13T11:28:15.128Z] [SESSION-1752403989990] [dashboard] [INFO] Test run requested but tests are already running
[2025-07-13T11:28:15.602Z] [SESSION-1752403989990] [dashboard] [INFO] Test run requested but tests are already running
[2025-07-13T11:28:35.160Z] [SESSION-1752403989990] [dashboard] [INFO] Test run requested but tests are already running
[2025-07-13T11:28:55.198Z] [SESSION-1752403989990] [dashboard] [INFO] Test run requested but tests are already running
[2025-07-13T11:29:13.437Z] [SESSION-1752403989990] [dashboard] [INFO] Tests completed successfully
[2025-07-13T11:29:15.216Z] [SESSION-1752403989990] [dashboard] [INFO] Running all tests via test_start.js | {"headless":false}
[2025-07-13T11:29:35.236Z] [SESSION-1752403989990] [dashboard] [INFO] Test run requested but tests are already running
[2025-07-13T11:29:55.259Z] [SESSION-1752403989990] [dashboard] [INFO] Test run requested but tests are already running
[2025-07-13T11:29:55.755Z] [SESSION-1752403989990] [dashboard] [INFO] Test run requested but tests are already running
[2025-07-13T11:30:15.295Z] [SESSION-1752403989990] [dashboard] [INFO] Test run requested but tests are already running
[2025-07-13T11:30:35.325Z] [SESSION-1752403989990] [dashboard] [INFO] Test run requested but tests are already running
[2025-07-13T11:30:53.437Z] [SESSION-1752403989990] [dashboard] [INFO] Tests completed successfully
[2025-07-13T11:30:55.353Z] [SESSION-1752403989990] [dashboard] [INFO] Running all tests via test_start.js | {"headless":false}
[2025-07-13T11:31:15.381Z] [SESSION-1752403989990] [dashboard] [INFO] Test run requested but tests are already running
[2025-07-13T11:31:35.418Z] [SESSION-1752403989990] [dashboard] [INFO] Test run requested but tests are already running
[2025-07-13T11:31:35.925Z] [SESSION-1752403989990] [dashboard] [INFO] Test run requested but tests are already running
[2025-07-13T11:31:55.451Z] [SESSION-1752403989990] [dashboard] [INFO] Test run requested but tests are already running
[2025-07-13T11:32:15.485Z] [SESSION-1752403989990] [dashboard] [INFO] Test run requested but tests are already running
[2025-07-13T11:32:33.621Z] [SESSION-1752403989990] [dashboard] [INFO] Tests completed successfully
[2025-07-13T11:32:35.512Z] [SESSION-1752403989990] [dashboard] [INFO] Running all tests via test_start.js | {"headless":false}
[2025-07-13T11:32:55.547Z] [SESSION-1752403989990] [dashboard] [INFO] Test run requested but tests are already running
[2025-07-13T11:33:15.583Z] [SESSION-1752403989990] [dashboard] [INFO] Test run requested but tests are already running
[2025-07-13T11:33:16.025Z] [SESSION-1752403989990] [dashboard] [INFO] Test run requested but tests are already running
[2025-07-13T11:33:35.617Z] [SESSION-1752403989990] [dashboard] [INFO] Test run requested but tests are already running
[2025-07-13T11:33:55.643Z] [SESSION-1752403989990] [dashboard] [INFO] Test run requested but tests are already running
[2025-07-13T11:34:13.730Z] [SESSION-1752403989990] [dashboard] [INFO] Tests completed successfully
[2025-07-13T11:34:15.672Z] [SESSION-1752403989990] [dashboard] [INFO] Running all tests via test_start.js | {"headless":false}
[2025-07-13T11:34:35.704Z] [SESSION-1752403989990] [dashboard] [INFO] Test run requested but tests are already running
[2025-07-13T11:34:55.742Z] [SESSION-1752403989990] [dashboard] [INFO] Test run requested but tests are already running
[2025-07-13T11:34:56.126Z] [SESSION-1752403989990] [dashboard] [INFO] Test run requested but tests are already running
[2025-07-13T11:35:15.776Z] [SESSION-1752403989990] [dashboard] [INFO] Test run requested but tests are already running
[2025-07-13T11:35:35.803Z] [SESSION-1752403989990] [dashboard] [INFO] Test run requested but tests are already running
[2025-07-13T11:35:53.801Z] [SESSION-1752403989990] [dashboard] [INFO] Tests completed successfully
[2025-07-13T11:35:55.838Z] [SESSION-1752403989990] [dashboard] [INFO] Running all tests via test_start.js | {"headless":false}
[2025-07-13T11:36:15.873Z] [SESSION-1752403989990] [dashboard] [INFO] Test run requested but tests are already running
[2025-07-13T11:36:35.909Z] [SESSION-1752403989990] [dashboard] [INFO] Test run requested but tests are already running
[2025-07-13T11:36:36.378Z] [SESSION-1752403989990] [dashboard] [INFO] Test run requested but tests are already running
[2025-07-13T11:36:55.934Z] [SESSION-1752403989990] [dashboard] [INFO] Test run requested but tests are already running
[2025-07-13T11:37:15.966Z] [SESSION-1752403989990] [dashboard] [INFO] Test run requested but tests are already running
[2025-07-13T11:37:34.068Z] [SESSION-1752403989990] [dashboard] [INFO] Tests completed successfully
[2025-07-13T11:37:36.002Z] [SESSION-1752403989990] [dashboard] [INFO] Running all tests via test_start.js | {"headless":false}
[2025-07-13T11:37:56.036Z] [SESSION-1752403989990] [dashboard] [INFO] Test run requested but tests are already running
[2025-07-13T11:38:16.067Z] [SESSION-1752403989990] [dashboard] [INFO] Test run requested but tests are already running
[2025-07-13T11:38:16.529Z] [SESSION-1752403989990] [dashboard] [INFO] Test run requested but tests are already running
[2025-07-13T11:38:36.095Z] [SESSION-1752403989990] [dashboard] [INFO] Test run requested but tests are already running
[2025-07-13T11:38:56.133Z] [SESSION-1752403989990] [dashboard] [INFO] Test run requested but tests are already running
[2025-07-13T11:39:14.320Z] [SESSION-1752403989990] [dashboard] [INFO] Tests completed successfully
[2025-07-13T11:39:16.167Z] [SESSION-1752403989990] [dashboard] [INFO] Running all tests via test_start.js | {"headless":false}
[2025-07-13T11:39:36.202Z] [SESSION-1752403989990] [dashboard] [INFO] Test run requested but tests are already running
[2025-07-13T11:39:56.226Z] [SESSION-1752403989990] [dashboard] [INFO] Test run requested but tests are already running
[2025-07-13T11:39:56.721Z] [SESSION-1752403989990] [dashboard] [INFO] Test run requested but tests are already running
[2025-07-13T11:40:16.523Z] [SESSION-1752403989990] [dashboard] [INFO] Test run requested but tests are already running
[2025-07-13T11:40:37.534Z] [SESSION-1752403989990] [dashboard] [INFO] Test run requested but tests are already running
[2025-07-13T11:40:54.429Z] [SESSION-1752403989990] [dashboard] [INFO] Tests completed successfully
[2025-07-13T11:40:58.520Z] [SESSION-1752403989990] [dashboard] [INFO] Running all tests via test_start.js | {"headless":false}
[2025-07-13T11:41:19.521Z] [SESSION-1752403989990] [dashboard] [INFO] Test run requested but tests are already running
[2025-07-13T11:41:38.977Z] [SESSION-1752403989990] [dashboard] [INFO] Test run requested but tests are already running
[2025-07-13T11:41:40.535Z] [SESSION-1752403989990] [dashboard] [INFO] Test run requested but tests are already running
[2025-07-13T11:42:01.521Z] [SESSION-1752403989990] [dashboard] [INFO] Test run requested but tests are already running
[2025-07-13T11:42:22.530Z] [SESSION-1752403989990] [dashboard] [INFO] Test run requested but tests are already running
[2025-07-13T11:42:36.751Z] [SESSION-1752403989990] [dashboard] [INFO] Tests completed successfully
[2025-07-13T11:42:43.534Z] [SESSION-1752403989990] [dashboard] [INFO] Running all tests via test_start.js | {"headless":false}
[2025-07-13T11:43:04.519Z] [SESSION-1752403989990] [dashboard] [INFO] Test run requested but tests are already running
[2025-07-13T11:43:24.023Z] [SESSION-1752403989990] [dashboard] [INFO] Test run requested but tests are already running
[2025-07-13T11:43:25.533Z] [SESSION-1752403989990] [dashboard] [INFO] Test run requested but tests are already running
[2025-07-13T11:43:46.519Z] [SESSION-1752403989990] [dashboard] [INFO] Test run requested but tests are already running
[2025-07-13T11:44:07.532Z] [SESSION-1752403989990] [dashboard] [INFO] Test run requested but tests are already running
[2025-07-13T11:44:21.678Z] [SESSION-1752403989990] [dashboard] [INFO] Tests completed successfully
[2025-07-13T11:44:28.531Z] [SESSION-1752403989990] [dashboard] [INFO] Running all tests via test_start.js | {"headless":false}
[2025-07-13T11:44:49.529Z] [SESSION-1752403989990] [dashboard] [INFO] Test run requested but tests are already running
[2025-07-13T11:45:08.949Z] [SESSION-1752403989990] [dashboard] [INFO] Test run requested but tests are already running
[2025-07-13T11:45:10.530Z] [SESSION-1752403989990] [dashboard] [INFO] Test run requested but tests are already running
[2025-07-13T11:45:31.518Z] [SESSION-1752403989990] [dashboard] [INFO] Test run requested but tests are already running
[2025-07-13T11:45:52.536Z] [SESSION-1752403989990] [dashboard] [INFO] Test run requested but tests are already running
[2025-07-13T11:46:06.610Z] [SESSION-1752403989990] [dashboard] [INFO] Tests completed successfully
[2025-07-13T11:46:13.521Z] [SESSION-1752403989990] [dashboard] [INFO] Running all tests via test_start.js | {"headless":false}
[2025-07-13T11:46:34.532Z] [SESSION-1752403989990] [dashboard] [INFO] Test run requested but tests are already running
[2025-07-13T11:46:53.998Z] [SESSION-1752403989990] [dashboard] [INFO] Test run requested but tests are already running
[2025-07-13T11:46:55.531Z] [SESSION-1752403989990] [dashboard] [INFO] Test run requested but tests are already running
[2025-07-13T11:47:16.526Z] [SESSION-1752403989990] [dashboard] [INFO] Test run requested but tests are already running
[2025-07-13T11:47:37.532Z] [SESSION-1752403989990] [dashboard] [INFO] Test run requested but tests are already running
[2025-07-13T11:47:51.698Z] [SESSION-1752403989990] [dashboard] [INFO] Tests completed successfully
[2025-07-13T11:47:58.518Z] [SESSION-1752403989990] [dashboard] [INFO] Running all tests via test_start.js | {"headless":false}
[2025-07-13T11:48:19.531Z] [SESSION-1752403989990] [dashboard] [INFO] Test run requested but tests are already running
[2025-07-13T11:48:38.964Z] [SESSION-1752403989990] [dashboard] [INFO] Test run requested but tests are already running
[2025-07-13T11:48:40.531Z] [SESSION-1752403989990] [dashboard] [INFO] Test run requested but tests are already running
[2025-07-13T11:49:01.529Z] [SESSION-1752403989990] [dashboard] [INFO] Test run requested but tests are already running
[2025-07-13T11:49:22.530Z] [SESSION-1752403989990] [dashboard] [INFO] Test run requested but tests are already running
[2025-07-13T11:49:36.640Z] [SESSION-1752403989990] [dashboard] [INFO] Tests completed successfully
[2025-07-13T11:49:43.519Z] [SESSION-1752403989990] [dashboard] [INFO] Running all tests via test_start.js | {"headless":false}
[2025-07-13T11:50:04.530Z] [SESSION-1752403989990] [dashboard] [INFO] Test run requested but tests are already running
[2025-07-13T11:50:24.024Z] [SESSION-1752403989990] [dashboard] [INFO] Test run requested but tests are already running
[2025-07-13T11:50:25.516Z] [SESSION-1752403989990] [dashboard] [INFO] Test run requested but tests are already running
[2025-07-13T11:50:46.531Z] [SESSION-1752403989990] [dashboard] [INFO] Test run requested but tests are already running
[2025-07-13T11:51:07.526Z] [SESSION-1752403989990] [dashboard] [INFO] Test run requested but tests are already running
[2025-07-13T11:51:21.774Z] [SESSION-1752403989990] [dashboard] [INFO] Tests completed successfully
[2025-07-13T11:51:28.530Z] [SESSION-1752403989990] [dashboard] [INFO] Running all tests via test_start.js | {"headless":false}
[2025-07-13T11:51:49.530Z] [SESSION-1752403989990] [dashboard] [INFO] Test run requested but tests are already running
[2025-07-13T11:52:09.072Z] [SESSION-1752403989990] [dashboard] [INFO] Test run requested but tests are already running
[2025-07-13T11:52:10.518Z] [SESSION-1752403989990] [dashboard] [INFO] Test run requested but tests are already running
[2025-07-13T11:52:31.530Z] [SESSION-1752403989990] [dashboard] [INFO] Test run requested but tests are already running
[2025-07-13T11:52:52.529Z] [SESSION-1752403989990] [dashboard] [INFO] Test run requested but tests are already running
[2025-07-13T11:53:06.749Z] [SESSION-1752403989990] [dashboard] [INFO] Tests completed successfully
[2025-07-13T11:53:13.516Z] [SESSION-1752403989990] [dashboard] [INFO] Running all tests via test_start.js | {"headless":false}
[2025-07-13T11:53:34.529Z] [SESSION-1752403989990] [dashboard] [INFO] Test run requested but tests are already running
[2025-07-13T11:53:53.972Z] [SESSION-1752403989990] [dashboard] [INFO] Test run requested but tests are already running
[2025-07-13T11:53:55.515Z] [SESSION-1752403989990] [dashboard] [INFO] Test run requested but tests are already running
[2025-07-13T11:54:16.529Z] [SESSION-1752403989990] [dashboard] [INFO] Test run requested but tests are already running
[2025-07-13T11:54:37.528Z] [SESSION-1752403989990] [dashboard] [INFO] Test run requested but tests are already running
[2025-07-13T11:54:51.751Z] [SESSION-1752403989990] [dashboard] [INFO] Tests completed successfully
[2025-07-13T11:54:58.517Z] [SESSION-1752403989990] [dashboard] [INFO] Running all tests via test_start.js | {"headless":false}
[2025-07-13T11:55:19.527Z] [SESSION-1752403989990] [dashboard] [INFO] Test run requested but tests are already running
[2025-07-13T11:55:39.043Z] [SESSION-1752403989990] [dashboard] [INFO] Test run requested but tests are already running
[2025-07-13T11:55:40.515Z] [SESSION-1752403989990] [dashboard] [INFO] Test run requested but tests are already running
[2025-07-13T11:56:01.527Z] [SESSION-1752403989990] [dashboard] [INFO] Test run requested but tests are already running
[2025-07-13T11:56:22.529Z] [SESSION-1752403989990] [dashboard] [INFO] Test run requested but tests are already running
[2025-07-13T11:56:36.711Z] [SESSION-1752403989990] [dashboard] [INFO] Tests completed successfully
[2025-07-13T11:56:43.514Z] [SESSION-1752403989990] [dashboard] [INFO] Running all tests via test_start.js | {"headless":false}
[2025-07-13T11:57:04.528Z] [SESSION-1752403989990] [dashboard] [INFO] Test run requested but tests are already running
[2025-07-13T11:57:24.004Z] [SESSION-1752403989990] [dashboard] [INFO] Test run requested but tests are already running
[2025-07-13T11:57:25.515Z] [SESSION-1752403989990] [dashboard] [INFO] Test run requested but tests are already running
[2025-07-13T11:57:46.527Z] [SESSION-1752403989990] [dashboard] [INFO] Test run requested but tests are already running
[2025-07-13T11:58:07.528Z] [SESSION-1752403989990] [dashboard] [INFO] Test run requested but tests are already running
[2025-07-13T11:58:21.694Z] [SESSION-1752403989990] [dashboard] [INFO] Tests completed successfully
[2025-07-13T11:58:28.529Z] [SESSION-1752403989990] [dashboard] [INFO] Running all tests via test_start.js | {"headless":false}
[2025-07-13T11:58:49.526Z] [SESSION-1752403989990] [dashboard] [INFO] Test run requested but tests are already running
[2025-07-13T11:59:09.081Z] [SESSION-1752403989990] [dashboard] [INFO] Test run requested but tests are already running
[2025-07-13T11:59:10.521Z] [SESSION-1752403989990] [dashboard] [INFO] Test run requested but tests are already running
[2025-07-13T11:59:31.527Z] [SESSION-1752403989990] [dashboard] [INFO] Test run requested but tests are already running
[2025-07-13T11:59:52.529Z] [SESSION-1752403989990] [dashboard] [INFO] Test run requested but tests are already running
[2025-07-13T12:00:06.755Z] [SESSION-1752403989990] [dashboard] [INFO] Tests completed successfully
[2025-07-13T12:00:13.515Z] [SESSION-1752403989990] [dashboard] [INFO] Running all tests via test_start.js | {"headless":false}
[2025-07-13T12:00:34.534Z] [SESSION-1752403989990] [dashboard] [INFO] Test run requested but tests are already running
[2025-07-13T12:00:54.057Z] [SESSION-1752403989990] [dashboard] [INFO] Test run requested but tests are already running
[2025-07-13T12:00:55.533Z] [SESSION-1752403989990] [dashboard] [INFO] Test run requested but tests are already running
[2025-07-13T12:01:16.548Z] [SESSION-1752403989990] [dashboard] [INFO] Test run requested but tests are already running
[2025-07-13T12:01:37.551Z] [SESSION-1752403989990] [dashboard] [INFO] Test run requested but tests are already running
[2025-07-13T12:01:51.746Z] [SESSION-1752403989990] [dashboard] [INFO] Tests completed successfully
[2025-07-13T12:01:58.539Z] [SESSION-1752403989990] [dashboard] [INFO] Running all tests via test_start.js | {"headless":false}
[2025-07-13T12:02:19.550Z] [SESSION-1752403989990] [dashboard] [INFO] Test run requested but tests are already running
[2025-07-13T12:02:39.071Z] [SESSION-1752403989990] [dashboard] [INFO] Test run requested but tests are already running
[2025-07-13T12:02:40.535Z] [SESSION-1752403989990] [dashboard] [INFO] Test run requested but tests are already running
[2025-07-13T12:03:01.549Z] [SESSION-1752403989990] [dashboard] [INFO] Test run requested but tests are already running
[2025-07-13T12:03:22.550Z] [SESSION-1752403989990] [dashboard] [INFO] Test run requested but tests are already running
[2025-07-13T12:03:36.741Z] [SESSION-1752403989990] [dashboard] [INFO] Tests completed successfully
[2025-07-13T12:03:43.548Z] [SESSION-1752403989990] [dashboard] [INFO] Running all tests via test_start.js | {"headless":false}
[2025-07-13T12:04:04.551Z] [SESSION-1752403989990] [dashboard] [INFO] Test run requested but tests are already running
[2025-07-13T12:04:24.069Z] [SESSION-1752403989990] [dashboard] [INFO] Test run requested but tests are already running
[2025-07-13T12:04:25.536Z] [SESSION-1752403989990] [dashboard] [INFO] Test run requested but tests are already running
[2025-07-13T12:04:46.544Z] [SESSION-1752403989990] [dashboard] [INFO] Test run requested but tests are already running
[2025-07-13T12:05:07.550Z] [SESSION-1752403989990] [dashboard] [INFO] Test run requested but tests are already running
[2025-07-13T12:05:21.736Z] [SESSION-1752403989990] [dashboard] [INFO] Tests completed successfully
[2025-07-13T12:05:28.551Z] [SESSION-1752403989990] [dashboard] [INFO] Running all tests via test_start.js | {"headless":false}
[2025-07-13T12:05:49.551Z] [SESSION-1752403989990] [dashboard] [INFO] Test run requested but tests are already running
[2025-07-13T12:06:09.119Z] [SESSION-1752403989990] [dashboard] [INFO] Test run requested but tests are already running
[2025-07-13T12:06:10.539Z] [SESSION-1752403989990] [dashboard] [INFO] Test run requested but tests are already running
[2025-07-13T12:06:31.551Z] [SESSION-1752403989990] [dashboard] [INFO] Test run requested but tests are already running
[2025-07-13T12:06:52.540Z] [SESSION-1752403989990] [dashboard] [INFO] Test run requested but tests are already running
[2025-07-13T12:07:06.773Z] [SESSION-1752403989990] [dashboard] [INFO] Tests completed successfully
[2025-07-13T12:07:13.549Z] [SESSION-1752403989990] [dashboard] [INFO] Running all tests via test_start.js | {"headless":false}
[2025-07-13T12:07:34.537Z] [SESSION-1752403989990] [dashboard] [INFO] Test run requested but tests are already running
[2025-07-13T12:07:54.076Z] [SESSION-1752403989990] [dashboard] [INFO] Test run requested but tests are already running
[2025-07-13T12:07:55.550Z] [SESSION-1752403989990] [dashboard] [INFO] Test run requested but tests are already running
[2025-07-13T12:08:16.550Z] [SESSION-1752403989990] [dashboard] [INFO] Test run requested but tests are already running
[2025-07-13T12:08:37.537Z] [SESSION-1752403989990] [dashboard] [INFO] Test run requested but tests are already running
[2025-07-13T12:08:51.739Z] [SESSION-1752403989990] [dashboard] [INFO] Tests completed successfully
[2025-07-13T12:08:58.540Z] [SESSION-1752403989990] [dashboard] [INFO] Running all tests via test_start.js | {"headless":false}
[2025-07-13T12:09:19.537Z] [SESSION-1752403989990] [dashboard] [INFO] Test run requested but tests are already running
[2025-07-13T12:09:39.076Z] [SESSION-1752403989990] [dashboard] [INFO] Test run requested but tests are already running
[2025-07-13T12:09:40.550Z] [SESSION-1752403989990] [dashboard] [INFO] Test run requested but tests are already running
[2025-07-13T12:10:01.552Z] [SESSION-1752403989990] [dashboard] [INFO] Test run requested but tests are already running
[2025-07-13T12:10:22.551Z] [SESSION-1752403989990] [dashboard] [INFO] Test run requested but tests are already running
[2025-07-13T12:10:36.743Z] [SESSION-1752403989990] [dashboard] [INFO] Tests completed successfully
[2025-07-13T12:10:43.552Z] [SESSION-1752403989990] [dashboard] [INFO] Running all tests via test_start.js | {"headless":false}
[2025-07-13T12:11:04.536Z] [SESSION-1752403989990] [dashboard] [INFO] Test run requested but tests are already running
[2025-07-13T12:11:24.038Z] [SESSION-1752403989990] [dashboard] [INFO] Test run requested but tests are already running
[2025-07-13T12:11:25.550Z] [SESSION-1752403989990] [dashboard] [INFO] Test run requested but tests are already running
[2025-07-13T12:11:46.548Z] [SESSION-1752403989990] [dashboard] [INFO] Test run requested but tests are already running
[2025-07-13T12:12:07.541Z] [SESSION-1752403989990] [dashboard] [INFO] Test run requested but tests are already running
[2025-07-13T12:12:21.707Z] [SESSION-1752403989990] [dashboard] [INFO] Tests completed successfully
[2025-07-13T12:12:28.539Z] [SESSION-1752403989990] [dashboard] [INFO] Running all tests via test_start.js | {"headless":false}
[2025-07-13T12:12:49.537Z] [SESSION-1752403989990] [dashboard] [INFO] Test run requested but tests are already running
[2025-07-13T12:13:09.027Z] [SESSION-1752403989990] [dashboard] [INFO] Test run requested but tests are already running
[2025-07-13T12:13:10.553Z] [SESSION-1752403989990] [dashboard] [INFO] Test run requested but tests are already running
[2025-07-13T12:13:31.550Z] [SESSION-1752403989990] [dashboard] [INFO] Test run requested but tests are already running
[2025-07-13T12:13:52.552Z] [SESSION-1752403989990] [dashboard] [INFO] Test run requested but tests are already running
[2025-07-13T12:14:06.703Z] [SESSION-1752403989990] [dashboard] [INFO] Tests completed successfully
[2025-07-13T12:14:13.538Z] [SESSION-1752403989990] [dashboard] [INFO] Running all tests via test_start.js | {"headless":false}
[2025-07-13T12:14:34.540Z] [SESSION-1752403989990] [dashboard] [INFO] Test run requested but tests are already running
[2025-07-13T12:14:54.076Z] [SESSION-1752403989990] [dashboard] [INFO] Test run requested but tests are already running
[2025-07-13T12:14:55.552Z] [SESSION-1752403989990] [dashboard] [INFO] Test run requested but tests are already running
[2025-07-13T12:15:16.546Z] [SESSION-1752403989990] [dashboard] [INFO] Test run requested but tests are already running
[2025-07-13T12:15:37.553Z] [SESSION-1752403989990] [dashboard] [INFO] Test run requested but tests are already running
[2025-07-13T12:15:51.791Z] [SESSION-1752403989990] [dashboard] [INFO] Tests completed successfully
[2025-07-13T12:15:58.552Z] [SESSION-1752403989990] [dashboard] [INFO] Running all tests via test_start.js | {"headless":false}
[2025-07-13T12:16:19.539Z] [SESSION-1752403989990] [dashboard] [INFO] Test run requested but tests are already running
[2025-07-13T12:16:39.080Z] [SESSION-1752403989990] [dashboard] [INFO] Test run requested but tests are already running
[2025-07-13T12:16:40.552Z] [SESSION-1752403989990] [dashboard] [INFO] Test run requested but tests are already running
[2025-07-13T12:17:01.539Z] [SESSION-1752403989990] [dashboard] [INFO] Test run requested but tests are already running
[2025-07-13T12:17:22.551Z] [SESSION-1752403989990] [dashboard] [INFO] Test run requested but tests are already running
[2025-07-13T12:17:36.743Z] [SESSION-1752403989990] [dashboard] [INFO] Tests completed successfully
[2025-07-13T12:17:43.554Z] [SESSION-1752403989990] [dashboard] [INFO] Running all tests via test_start.js | {"headless":false}
[2025-07-13T12:18:04.538Z] [SESSION-1752403989990] [dashboard] [INFO] Test run requested but tests are already running
[2025-07-13T12:18:24.064Z] [SESSION-1752403989990] [dashboard] [INFO] Test run requested but tests are already running
[2025-07-13T12:18:25.551Z] [SESSION-1752403989990] [dashboard] [INFO] Test run requested but tests are already running
[2025-07-13T12:18:46.547Z] [SESSION-1752403989990] [dashboard] [INFO] Test run requested but tests are already running
[2025-07-13T12:19:07.545Z] [SESSION-1752403989990] [dashboard] [INFO] Test run requested but tests are already running
[2025-07-13T12:19:21.727Z] [SESSION-1752403989990] [dashboard] [INFO] Tests completed successfully
[2025-07-13T12:19:28.552Z] [SESSION-1752403989990] [dashboard] [INFO] Running all tests via test_start.js | {"headless":false}
[2025-07-13T12:19:49.538Z] [SESSION-1752403989990] [dashboard] [INFO] Test run requested but tests are already running
[2025-07-13T12:20:09.092Z] [SESSION-1752403989990] [dashboard] [INFO] Test run requested but tests are already running
[2025-07-13T12:20:10.553Z] [SESSION-1752403989990] [dashboard] [INFO] Test run requested but tests are already running
[2025-07-13T12:20:31.552Z] [SESSION-1752403989990] [dashboard] [INFO] Test run requested but tests are already running
[2025-07-13T12:20:52.551Z] [SESSION-1752403989990] [dashboard] [INFO] Test run requested but tests are already running
[2025-07-13T12:21:06.875Z] [SESSION-1752403989990] [dashboard] [INFO] Tests completed successfully
[2025-07-13T12:21:13.552Z] [SESSION-1752403989990] [dashboard] [INFO] Running all tests via test_start.js | {"headless":false}
[2025-07-13T12:21:34.538Z] [SESSION-1752403989990] [dashboard] [INFO] Test run requested but tests are already running
[2025-07-13T12:21:54.024Z] [SESSION-1752403989990] [dashboard] [INFO] Test run requested but tests are already running
[2025-07-13T12:21:55.553Z] [SESSION-1752403989990] [dashboard] [INFO] Test run requested but tests are already running
[2025-07-13T12:22:16.541Z] [SESSION-1752403989990] [dashboard] [INFO] Test run requested but tests are already running
[2025-07-13T12:22:37.552Z] [SESSION-1752403989990] [dashboard] [INFO] Test run requested but tests are already running
[2025-07-13T12:22:51.677Z] [SESSION-1752403989990] [dashboard] [INFO] Tests completed successfully
[2025-07-13T12:22:58.551Z] [SESSION-1752403989990] [dashboard] [INFO] Running all tests via test_start.js | {"headless":false}
[2025-07-13T12:23:19.539Z] [SESSION-1752403989990] [dashboard] [INFO] Test run requested but tests are already running
[2025-07-13T12:23:39.067Z] [SESSION-1752403989990] [dashboard] [INFO] Test run requested but tests are already running
[2025-07-13T12:23:40.553Z] [SESSION-1752403989990] [dashboard] [INFO] Test run requested but tests are already running
[2025-07-13T12:24:01.553Z] [SESSION-1752403989990] [dashboard] [INFO] Test run requested but tests are already running
[2025-07-13T12:24:22.537Z] [SESSION-1752403989990] [dashboard] [INFO] Test run requested but tests are already running
[2025-07-13T12:24:36.720Z] [SESSION-1752403989990] [dashboard] [INFO] Tests completed successfully
[2025-07-13T12:24:43.555Z] [SESSION-1752403989990] [dashboard] [INFO] Running all tests via test_start.js | {"headless":false}
[2025-07-13T12:25:04.541Z] [SESSION-1752403989990] [dashboard] [INFO] Test run requested but tests are already running
[2025-07-13T12:25:24.046Z] [SESSION-1752403989990] [dashboard] [INFO] Test run requested but tests are already running
[2025-07-13T12:25:25.552Z] [SESSION-1752403989990] [dashboard] [INFO] Test run requested but tests are already running
[2025-07-13T12:25:46.553Z] [SESSION-1752403989990] [dashboard] [INFO] Test run requested but tests are already running
[2025-07-13T12:26:07.545Z] [SESSION-1752403989990] [dashboard] [INFO] Test run requested but tests are already running
[2025-07-13T12:26:21.719Z] [SESSION-1752403989990] [dashboard] [INFO] Tests completed successfully
[2025-07-13T12:26:28.552Z] [SESSION-1752403989990] [dashboard] [INFO] Running all tests via test_start.js | {"headless":false}
[2025-07-13T12:26:49.539Z] [SESSION-1752403989990] [dashboard] [INFO] Test run requested but tests are already running
[2025-07-13T12:27:09.087Z] [SESSION-1752403989990] [dashboard] [INFO] Test run requested but tests are already running
[2025-07-13T12:27:10.552Z] [SESSION-1752403989990] [dashboard] [INFO] Test run requested but tests are already running
[2025-07-13T12:27:31.542Z] [SESSION-1752403989990] [dashboard] [INFO] Test run requested but tests are already running
[2025-07-13T12:27:52.552Z] [SESSION-1752403989990] [dashboard] [INFO] Test run requested but tests are already running
[2025-07-13T12:28:06.750Z] [SESSION-1752403989990] [dashboard] [INFO] Tests completed successfully
[2025-07-13T12:28:13.541Z] [SESSION-1752403989990] [dashboard] [INFO] Running all tests via test_start.js | {"headless":false}
[2025-07-13T12:28:34.538Z] [SESSION-1752403989990] [dashboard] [INFO] Test run requested but tests are already running
[2025-07-13T12:28:54.036Z] [SESSION-1752403989990] [dashboard] [INFO] Test run requested but tests are already running
[2025-07-13T12:28:55.552Z] [SESSION-1752403989990] [dashboard] [INFO] Test run requested but tests are already running
[2025-07-13T12:29:16.553Z] [SESSION-1752403989990] [dashboard] [INFO] Test run requested but tests are already running
[2025-07-13T12:29:37.537Z] [SESSION-1752403989990] [dashboard] [INFO] Test run requested but tests are already running
[2025-07-13T12:29:51.694Z] [SESSION-1752403989990] [dashboard] [INFO] Tests completed successfully
[2025-07-13T12:29:58.542Z] [SESSION-1752403989990] [dashboard] [INFO] Running all tests via test_start.js | {"headless":false}
[2025-07-13T12:30:19.539Z] [SESSION-1752403989990] [dashboard] [INFO] Test run requested but tests are already running
[2025-07-13T12:30:39.076Z] [SESSION-1752403989990] [dashboard] [INFO] Test run requested but tests are already running
[2025-07-13T12:30:40.553Z] [SESSION-1752403989990] [dashboard] [INFO] Test run requested but tests are already running
[2025-07-13T12:31:01.553Z] [SESSION-1752403989990] [dashboard] [INFO] Test run requested but tests are already running
[2025-07-13T12:31:22.552Z] [SESSION-1752403989990] [dashboard] [INFO] Test run requested but tests are already running
[2025-07-13T12:31:36.752Z] [SESSION-1752403989990] [dashboard] [INFO] Tests completed successfully
[2025-07-13T12:31:43.533Z] [SESSION-1752403989990] [dashboard] [INFO] Running all tests via test_start.js | {"headless":false}
[2025-07-13T12:32:04.519Z] [SESSION-1752403989990] [dashboard] [INFO] Test run requested but tests are already running
[2025-07-13T12:32:24.025Z] [SESSION-1752403989990] [dashboard] [INFO] Test run requested but tests are already running
[2025-07-13T12:32:25.529Z] [SESSION-1752403989990] [dashboard] [INFO] Test run requested but tests are already running
[2025-07-13T12:32:46.515Z] [SESSION-1752403989990] [dashboard] [INFO] Test run requested but tests are already running
[2025-07-13T12:33:07.525Z] [SESSION-1752403989990] [dashboard] [INFO] Test run requested but tests are already running
[2025-07-13T12:33:21.703Z] [SESSION-1752403989990] [dashboard] [INFO] Tests completed successfully
[2025-07-13T12:33:28.525Z] [SESSION-1752403989990] [dashboard] [INFO] Running all tests via test_start.js | {"headless":false}
[2025-07-13T12:33:49.515Z] [SESSION-1752403989990] [dashboard] [INFO] Test run requested but tests are already running
[2025-07-13T12:34:09.008Z] [SESSION-1752403989990] [dashboard] [INFO] Test run requested but tests are already running
[2025-07-13T12:34:10.527Z] [SESSION-1752403989990] [dashboard] [INFO] Test run requested but tests are already running
[2025-07-13T12:34:31.514Z] [SESSION-1752403989990] [dashboard] [INFO] Test run requested but tests are already running
[2025-07-13T12:34:52.526Z] [SESSION-1752403989990] [dashboard] [INFO] Test run requested but tests are already running
[2025-07-13T12:35:06.717Z] [SESSION-1752403989990] [dashboard] [INFO] Tests completed successfully
[2025-07-13T12:35:13.515Z] [SESSION-1752403989990] [dashboard] [INFO] Running all tests via test_start.js | {"headless":false}
[2025-07-13T12:35:34.514Z] [SESSION-1752403989990] [dashboard] [INFO] Test run requested but tests are already running
[2025-07-13T12:35:54.025Z] [SESSION-1752403989990] [dashboard] [INFO] Test run requested but tests are already running
[2025-07-13T12:35:55.527Z] [SESSION-1752403989990] [dashboard] [INFO] Test run requested but tests are already running
[2025-07-13T12:36:16.525Z] [SESSION-1752403989990] [dashboard] [INFO] Test run requested but tests are already running
[2025-07-13T12:36:37.512Z] [SESSION-1752403989990] [dashboard] [INFO] Test run requested but tests are already running
[2025-07-13T12:36:51.723Z] [SESSION-1752403989990] [dashboard] [INFO] Tests completed successfully
[2025-07-13T12:36:58.525Z] [SESSION-1752403989990] [dashboard] [INFO] Running all tests via test_start.js | {"headless":false}
[2025-07-13T12:37:19.513Z] [SESSION-1752403989990] [dashboard] [INFO] Test run requested but tests are already running
[2025-07-13T12:37:39.038Z] [SESSION-1752403989990] [dashboard] [INFO] Test run requested but tests are already running
[2025-07-13T12:37:40.526Z] [SESSION-1752403989990] [dashboard] [INFO] Test run requested but tests are already running
[2025-07-13T12:38:01.525Z] [SESSION-1752403989990] [dashboard] [INFO] Test run requested but tests are already running
[2025-07-13T12:38:22.522Z] [SESSION-1752403989990] [dashboard] [INFO] Test run requested but tests are already running
[2025-07-13T12:38:36.734Z] [SESSION-1752403989990] [dashboard] [INFO] Tests completed successfully
[2025-07-13T12:38:43.553Z] [SESSION-1752403989990] [dashboard] [INFO] Running all tests via test_start.js | {"headless":false}
[2025-07-13T12:39:04.511Z] [SESSION-1752403989990] [dashboard] [INFO] Test run requested but tests are already running
[2025-07-13T12:39:24.053Z] [SESSION-1752403989990] [dashboard] [INFO] Test run requested but tests are already running
[2025-07-13T12:39:25.528Z] [SESSION-1752403989990] [dashboard] [INFO] Test run requested but tests are already running
[2025-07-13T12:39:46.523Z] [SESSION-1752403989990] [dashboard] [INFO] Test run requested but tests are already running
[2025-07-13T12:40:07.511Z] [SESSION-1752403989990] [dashboard] [INFO] Test run requested but tests are already running
[2025-07-13T12:40:21.714Z] [SESSION-1752403989990] [dashboard] [INFO] Tests completed successfully
[2025-07-13T12:40:28.521Z] [SESSION-1752403989990] [dashboard] [INFO] Running all tests via test_start.js | {"headless":false}
[2025-07-13T12:40:49.518Z] [SESSION-1752403989990] [dashboard] [INFO] Test run requested but tests are already running
[2025-07-13T12:41:09.071Z] [SESSION-1752403989990] [dashboard] [INFO] Test run requested but tests are already running
[2025-07-13T12:41:10.524Z] [SESSION-1752403989990] [dashboard] [INFO] Test run requested but tests are already running
[2025-07-13T12:41:31.523Z] [SESSION-1752403989990] [dashboard] [INFO] Test run requested but tests are already running
[2025-07-13T12:41:52.512Z] [SESSION-1752403989990] [dashboard] [INFO] Test run requested but tests are already running
[2025-07-13T12:42:06.844Z] [SESSION-1752403989990] [dashboard] [INFO] Tests completed successfully
[2025-07-13T12:42:13.524Z] [SESSION-1752403989990] [dashboard] [INFO] Running all tests via test_start.js | {"headless":false}
[2025-07-13T12:42:34.512Z] [SESSION-1752403989990] [dashboard] [INFO] Test run requested but tests are already running
[2025-07-13T12:42:54.104Z] [SESSION-1752403989990] [dashboard] [INFO] Test run requested but tests are already running
[2025-07-13T12:42:55.524Z] [SESSION-1752403989990] [dashboard] [INFO] Test run requested but tests are already running
[2025-07-13T12:43:16.523Z] [SESSION-1752403989990] [dashboard] [INFO] Test run requested but tests are already running
[2025-07-13T12:43:37.523Z] [SESSION-1752403989990] [dashboard] [INFO] Test run requested but tests are already running
[2025-07-13T12:43:51.862Z] [SESSION-1752403989990] [dashboard] [INFO] Tests completed successfully
[2025-07-13T12:43:58.523Z] [SESSION-1752403989990] [dashboard] [INFO] Running all tests via test_start.js | {"headless":false}
[2025-07-13T12:44:19.512Z] [SESSION-1752403989990] [dashboard] [INFO] Test run requested but tests are already running
[2025-07-13T12:44:39.044Z] [SESSION-1752403989990] [dashboard] [INFO] Test run requested but tests are already running
[2025-07-13T12:44:40.524Z] [SESSION-1752403989990] [dashboard] [INFO] Test run requested but tests are already running
[2025-07-13T12:45:01.520Z] [SESSION-1752403989990] [dashboard] [INFO] Test run requested but tests are already running
[2025-07-13T12:45:22.523Z] [SESSION-1752403989990] [dashboard] [INFO] Test run requested but tests are already running
[2025-07-13T12:45:36.746Z] [SESSION-1752403989990] [dashboard] [INFO] Tests completed successfully
[2025-07-13T12:45:43.523Z] [SESSION-1752403989990] [dashboard] [INFO] Running all tests via test_start.js | {"headless":false}
[2025-07-13T12:46:04.510Z] [SESSION-1752403989990] [dashboard] [INFO] Test run requested but tests are already running
[2025-07-13T12:46:24.038Z] [SESSION-1752403989990] [dashboard] [INFO] Test run requested but tests are already running
[2025-07-13T12:46:25.524Z] [SESSION-1752403989990] [dashboard] [INFO] Test run requested but tests are already running
[2025-07-13T12:46:46.521Z] [SESSION-1752403989990] [dashboard] [INFO] Test run requested but tests are already running
[2025-07-13T12:47:07.518Z] [SESSION-1752403989990] [dashboard] [INFO] Test run requested but tests are already running
[2025-07-13T12:47:21.750Z] [SESSION-1752403989990] [dashboard] [INFO] Tests completed successfully
[2025-07-13T12:47:28.522Z] [SESSION-1752403989990] [dashboard] [INFO] Running all tests via test_start.js | {"headless":false}
[2025-07-13T12:47:49.509Z] [SESSION-1752403989990] [dashboard] [INFO] Test run requested but tests are already running
[2025-07-13T12:48:09.078Z] [SESSION-1752403989990] [dashboard] [INFO] Test run requested but tests are already running
[2025-07-13T12:48:10.523Z] [SESSION-1752403989990] [dashboard] [INFO] Test run requested but tests are already running
[2025-07-13T12:48:31.522Z] [SESSION-1752403989990] [dashboard] [INFO] Test run requested but tests are already running
[2025-07-13T12:48:52.522Z] [SESSION-1752403989990] [dashboard] [INFO] Test run requested but tests are already running
[2025-07-13T12:49:06.798Z] [SESSION-1752403989990] [dashboard] [INFO] Tests completed successfully
[2025-07-13T12:49:13.520Z] [SESSION-1752403989990] [dashboard] [INFO] Running all tests via test_start.js | {"headless":false}
[2025-07-13T12:49:34.507Z] [SESSION-1752403989990] [dashboard] [INFO] Test run requested but tests are already running
[2025-07-13T12:49:54.086Z] [SESSION-1752403989990] [dashboard] [INFO] Test run requested but tests are already running
[2025-07-13T12:49:55.520Z] [SESSION-1752403989990] [dashboard] [INFO] Test run requested but tests are already running
[2025-07-13T12:50:16.519Z] [SESSION-1752403989990] [dashboard] [INFO] Test run requested but tests are already running
[2025-07-13T12:50:37.510Z] [SESSION-1752403989990] [dashboard] [INFO] Test run requested but tests are already running
[2025-07-13T12:50:51.800Z] [SESSION-1752403989990] [dashboard] [INFO] Tests completed successfully
[2025-07-13T12:50:58.521Z] [SESSION-1752403989990] [dashboard] [INFO] Running all tests via test_start.js | {"headless":false}
[2025-07-13T12:51:19.513Z] [SESSION-1752403989990] [dashboard] [INFO] Test run requested but tests are already running
[2025-07-13T12:51:39.051Z] [SESSION-1752403989990] [dashboard] [INFO] Test run requested but tests are already running
[2025-07-13T12:51:40.521Z] [SESSION-1752403989990] [dashboard] [INFO] Test run requested but tests are already running
[2025-07-13T12:52:01.508Z] [SESSION-1752403989990] [dashboard] [INFO] Test run requested but tests are already running
[2025-07-13T12:52:22.516Z] [SESSION-1752403989990] [dashboard] [INFO] Test run requested but tests are already running
[2025-07-13T12:52:36.775Z] [SESSION-1752403989990] [dashboard] [INFO] Tests completed successfully
[2025-07-13T12:52:43.519Z] [SESSION-1752403989990] [dashboard] [INFO] Running all tests via test_start.js | {"headless":false}
[2025-07-13T12:53:04.519Z] [SESSION-1752403989990] [dashboard] [INFO] Test run requested but tests are already running
[2025-07-13T12:53:24.055Z] [SESSION-1752403989990] [dashboard] [INFO] Test run requested but tests are already running
[2025-07-13T12:53:25.520Z] [SESSION-1752403989990] [dashboard] [INFO] Test run requested but tests are already running
[2025-07-13T12:53:46.506Z] [SESSION-1752403989990] [dashboard] [INFO] Test run requested but tests are already running
[2025-07-13T12:54:07.519Z] [SESSION-1752403989990] [dashboard] [INFO] Test run requested but tests are already running
[2025-07-13T12:54:21.779Z] [SESSION-1752403989990] [dashboard] [INFO] Tests completed successfully
[2025-07-13T12:54:28.507Z] [SESSION-1752403989990] [dashboard] [INFO] Running all tests via test_start.js | {"headless":false}
[2025-07-13T12:54:49.519Z] [SESSION-1752403989990] [dashboard] [INFO] Test run requested but tests are already running
[2025-07-13T12:55:08.963Z] [SESSION-1752403989990] [dashboard] [INFO] Test run requested but tests are already running
[2025-07-13T12:55:10.519Z] [SESSION-1752403989990] [dashboard] [INFO] Test run requested but tests are already running
[2025-07-13T12:55:31.510Z] [SESSION-1752403989990] [dashboard] [INFO] Test run requested but tests are already running
[2025-07-13T12:55:52.518Z] [SESSION-1752403989990] [dashboard] [INFO] Test run requested but tests are already running
[2025-07-13T12:56:06.786Z] [SESSION-1752403989990] [dashboard] [INFO] Tests completed successfully
[2025-07-13T12:56:13.505Z] [SESSION-1752403989990] [dashboard] [INFO] Running all tests via test_start.js | {"headless":false}
[2025-07-13T12:56:34.514Z] [SESSION-1752403989990] [dashboard] [INFO] Test run requested but tests are already running
[2025-07-13T12:56:54.060Z] [SESSION-1752403989990] [dashboard] [INFO] Test run requested but tests are already running
[2025-07-13T12:56:55.500Z] [SESSION-1752403989990] [dashboard] [INFO] Test run requested but tests are already running
[2025-07-13T12:57:16.511Z] [SESSION-1752403989990] [dashboard] [INFO] Test run requested but tests are already running
[2025-07-13T12:57:37.511Z] [SESSION-1752403989990] [dashboard] [INFO] Test run requested but tests are already running
[2025-07-13T12:57:51.877Z] [SESSION-1752403989990] [dashboard] [INFO] Tests completed successfully
[2025-07-13T12:57:58.510Z] [SESSION-1752403989990] [dashboard] [INFO] Running all tests via test_start.js | {"headless":false}
[2025-07-13T12:58:19.514Z] [SESSION-1752403989990] [dashboard] [INFO] Test run requested but tests are already running
[2025-07-13T12:58:39.094Z] [SESSION-1752403989990] [dashboard] [INFO] Test run requested but tests are already running
[2025-07-13T12:58:40.510Z] [SESSION-1752403989990] [dashboard] [INFO] Test run requested but tests are already running
[2025-07-13T12:59:01.497Z] [SESSION-1752403989990] [dashboard] [INFO] Test run requested but tests are already running
[2025-07-13T12:59:22.511Z] [SESSION-1752403989990] [dashboard] [INFO] Test run requested but tests are already running
[2025-07-13T12:59:36.807Z] [SESSION-1752403989990] [dashboard] [INFO] Tests completed successfully
[2025-07-13T12:59:43.496Z] [SESSION-1752403989990] [dashboard] [INFO] Running all tests via test_start.js | {"headless":false}
[2025-07-13T13:00:04.508Z] [SESSION-1752403989990] [dashboard] [INFO] Test run requested but tests are already running
[2025-07-13T13:00:24.007Z] [SESSION-1752403989990] [dashboard] [INFO] Test run requested but tests are already running
[2025-07-13T13:00:25.509Z] [SESSION-1752403989990] [dashboard] [INFO] Test run requested but tests are already running
[2025-07-13T13:00:46.497Z] [SESSION-1752403989990] [dashboard] [INFO] Test run requested but tests are already running
[2025-07-13T13:01:07.510Z] [SESSION-1752403989990] [dashboard] [INFO] Test run requested but tests are already running
[2025-07-13T13:01:21.750Z] [SESSION-1752403989990] [dashboard] [INFO] Tests completed successfully
[2025-07-13T13:01:28.498Z] [SESSION-1752403989990] [dashboard] [INFO] Running all tests via test_start.js | {"headless":false}
[2025-07-13T13:01:49.508Z] [SESSION-1752403989990] [dashboard] [INFO] Test run requested but tests are already running
[2025-07-13T13:02:08.927Z] [SESSION-1752403989990] [dashboard] [INFO] Test run requested but tests are already running
[2025-07-13T13:02:10.509Z] [SESSION-1752403989990] [dashboard] [INFO] Test run requested but tests are already running
[2025-07-13T13:02:31.508Z] [SESSION-1752403989990] [dashboard] [INFO] Test run requested but tests are already running
[2025-07-13T13:02:52.509Z] [SESSION-1752403989990] [dashboard] [INFO] Test run requested but tests are already running
[2025-07-13T13:03:06.670Z] [SESSION-1752403989990] [dashboard] [INFO] Tests completed successfully
[2025-07-13T13:03:13.505Z] [SESSION-1752403989990] [dashboard] [INFO] Running all tests via test_start.js | {"headless":false}
[2025-07-13T13:03:34.508Z] [SESSION-1752403989990] [dashboard] [INFO] Test run requested but tests are already running
[2025-07-13T13:03:54.016Z] [SESSION-1752403989990] [dashboard] [INFO] Test run requested but tests are already running
[2025-07-13T13:03:55.496Z] [SESSION-1752403989990] [dashboard] [INFO] Test run requested but tests are already running
[2025-07-13T13:04:16.507Z] [SESSION-1752403989990] [dashboard] [INFO] Test run requested but tests are already running
[2025-07-13T13:04:37.508Z] [SESSION-1752403989990] [dashboard] [INFO] Test run requested but tests are already running
[2025-07-13T13:04:51.724Z] [SESSION-1752403989990] [dashboard] [INFO] Tests completed successfully
[2025-07-13T13:04:58.508Z] [SESSION-1752403989990] [dashboard] [INFO] Running all tests via test_start.js | {"headless":false}
[2025-07-13T13:05:19.506Z] [SESSION-1752403989990] [dashboard] [INFO] Test run requested but tests are already running
[2025-07-13T13:05:38.943Z] [SESSION-1752403989990] [dashboard] [INFO] Test run requested but tests are already running
[2025-07-13T13:05:40.494Z] [SESSION-1752403989990] [dashboard] [INFO] Test run requested but tests are already running
[2025-07-13T13:06:01.507Z] [SESSION-1752403989990] [dashboard] [INFO] Test run requested but tests are already running
[2025-07-13T13:06:22.496Z] [SESSION-1752403989990] [dashboard] [INFO] Test run requested but tests are already running
[2025-07-13T13:06:36.751Z] [SESSION-1752403989990] [dashboard] [INFO] Tests completed successfully
[2025-07-13T13:06:43.506Z] [SESSION-1752403989990] [dashboard] [INFO] Running all tests via test_start.js | {"headless":false}
[2025-07-13T13:07:04.500Z] [SESSION-1752403989990] [dashboard] [INFO] Test run requested but tests are already running
[2025-07-13T13:07:24.051Z] [SESSION-1752403989990] [dashboard] [INFO] Test run requested but tests are already running
[2025-07-13T13:07:25.507Z] [SESSION-1752403989990] [dashboard] [INFO] Test run requested but tests are already running
[2025-07-13T13:07:46.506Z] [SESSION-1752403989990] [dashboard] [INFO] Test run requested but tests are already running
[2025-07-13T13:08:07.504Z] [SESSION-1752403989990] [dashboard] [INFO] Test run requested but tests are already running
[2025-07-13T13:08:21.776Z] [SESSION-1752403989990] [dashboard] [INFO] Tests completed successfully
[2025-07-13T13:08:28.504Z] [SESSION-1752403989990] [dashboard] [INFO] Running all tests via test_start.js | {"headless":false}
[2025-07-13T13:08:49.493Z] [SESSION-1752403989990] [dashboard] [INFO] Test run requested but tests are already running
[2025-07-13T13:09:09.036Z] [SESSION-1752403989990] [dashboard] [INFO] Test run requested but tests are already running
[2025-07-13T13:09:10.506Z] [SESSION-1752403989990] [dashboard] [INFO] Test run requested but tests are already running
[2025-07-13T13:09:31.501Z] [SESSION-1752403989990] [dashboard] [INFO] Test run requested but tests are already running
[2025-07-13T13:09:52.505Z] [SESSION-1752403989990] [dashboard] [INFO] Test run requested but tests are already running
[2025-07-13T13:10:06.772Z] [SESSION-1752403989990] [dashboard] [INFO] Tests completed successfully
[2025-07-13T13:10:13.503Z] [SESSION-1752403989990] [dashboard] [INFO] Running all tests via test_start.js | {"headless":false}
[2025-07-13T13:10:34.492Z] [SESSION-1752403989990] [dashboard] [INFO] Test run requested but tests are already running
[2025-07-13T13:10:54.031Z] [SESSION-1752403989990] [dashboard] [INFO] Test run requested but tests are already running
[2025-07-13T13:10:55.502Z] [SESSION-1752403989990] [dashboard] [INFO] Test run requested but tests are already running
[2025-07-13T13:11:16.503Z] [SESSION-1752403989990] [dashboard] [INFO] Test run requested but tests are already running
[2025-07-13T13:11:37.502Z] [SESSION-1752403989990] [dashboard] [INFO] Test run requested but tests are already running
[2025-07-13T13:11:51.729Z] [SESSION-1752403989990] [dashboard] [INFO] Tests completed successfully
[2025-07-13T13:11:58.504Z] [SESSION-1752403989990] [dashboard] [INFO] Running all tests via test_start.js | {"headless":false}
[2025-07-13T13:12:19.491Z] [SESSION-1752403989990] [dashboard] [INFO] Test run requested but tests are already running
[2025-07-13T13:12:39.056Z] [SESSION-1752403989990] [dashboard] [INFO] Test run requested but tests are already running
[2025-07-13T13:12:40.501Z] [SESSION-1752403989990] [dashboard] [INFO] Test run requested but tests are already running
[2025-07-13T13:13:01.500Z] [SESSION-1752403989990] [dashboard] [INFO] Test run requested but tests are already running
[2025-07-13T13:13:22.500Z] [SESSION-1752403989990] [dashboard] [INFO] Test run requested but tests are already running
[2025-07-13T13:13:36.772Z] [SESSION-1752403989990] [dashboard] [INFO] Tests completed successfully
[2025-07-13T13:13:43.503Z] [SESSION-1752403989990] [dashboard] [INFO] Running all tests via test_start.js | {"headless":false}
[2025-07-13T13:14:04.490Z] [SESSION-1752403989990] [dashboard] [INFO] Test run requested but tests are already running
[2025-07-13T13:14:24.066Z] [SESSION-1752403989990] [dashboard] [INFO] Test run requested but tests are already running
[2025-07-13T13:14:25.503Z] [SESSION-1752403989990] [dashboard] [INFO] Test run requested but tests are already running
[2025-07-13T13:14:46.496Z] [SESSION-1752403989990] [dashboard] [INFO] Test run requested but tests are already running
[2025-07-13T13:15:07.503Z] [SESSION-1752403989990] [dashboard] [INFO] Test run requested but tests are already running
[2025-07-13T13:15:21.806Z] [SESSION-1752403989990] [dashboard] [INFO] Tests completed successfully
[2025-07-13T13:15:28.502Z] [SESSION-1752403989990] [dashboard] [INFO] Running all tests via test_start.js | {"headless":false}
[2025-07-13T13:15:49.488Z] [SESSION-1752403989990] [dashboard] [INFO] Test run requested but tests are already running
[2025-07-13T13:16:09.015Z] [SESSION-1752403989990] [dashboard] [INFO] Test run requested but tests are already running
[2025-07-13T13:16:10.496Z] [SESSION-1752403989990] [dashboard] [INFO] Test run requested but tests are already running
[2025-07-13T13:16:31.488Z] [SESSION-1752403989990] [dashboard] [INFO] Test run requested but tests are already running
[2025-07-13T13:16:52.501Z] [SESSION-1752403989990] [dashboard] [INFO] Test run requested but tests are already running
[2025-07-13T13:17:06.830Z] [SESSION-1752403989990] [dashboard] [INFO] Tests completed successfully
[2025-07-13T13:17:13.502Z] [SESSION-1752403989990] [dashboard] [INFO] Running all tests via test_start.js | {"headless":false}
[2025-07-13T13:17:34.498Z] [SESSION-1752403989990] [dashboard] [INFO] Test run requested but tests are already running
[2025-07-13T13:17:54.032Z] [SESSION-1752403989990] [dashboard] [INFO] Test run requested but tests are already running
[2025-07-13T13:17:55.501Z] [SESSION-1752403989990] [dashboard] [INFO] Test run requested but tests are already running
[2025-07-13T13:18:16.488Z] [SESSION-1752403989990] [dashboard] [INFO] Test run requested but tests are already running
[2025-07-13T13:18:37.500Z] [SESSION-1752403989990] [dashboard] [INFO] Test run requested but tests are already running
[2025-07-13T13:18:51.751Z] [SESSION-1752403989990] [dashboard] [INFO] Tests completed successfully
[2025-07-13T13:18:58.487Z] [SESSION-1752403989990] [dashboard] [INFO] Running all tests via test_start.js | {"headless":false}
[2025-07-13T13:19:19.500Z] [SESSION-1752403989990] [dashboard] [INFO] Test run requested but tests are already running
[2025-07-13T13:19:39.013Z] [SESSION-1752403989990] [dashboard] [INFO] Test run requested but tests are already running
[2025-07-13T13:19:40.500Z] [SESSION-1752403989990] [dashboard] [INFO] Test run requested but tests are already running
[2025-07-13T13:20:01.497Z] [SESSION-1752403989990] [dashboard] [INFO] Test run requested but tests are already running
[2025-07-13T13:20:22.500Z] [SESSION-1752403989990] [dashboard] [INFO] Test run requested but tests are already running
[2025-07-13T13:20:36.738Z] [SESSION-1752403989990] [dashboard] [INFO] Tests completed successfully
[2025-07-13T13:20:43.485Z] [SESSION-1752403989990] [dashboard] [INFO] Running all tests via test_start.js | {"headless":false}
[2025-07-13T13:21:04.498Z] [SESSION-1752403989990] [dashboard] [INFO] Test run requested but tests are already running
[2025-07-13T13:21:24.047Z] [SESSION-1752403989990] [dashboard] [INFO] Test run requested but tests are already running
[2025-07-13T13:21:25.487Z] [SESSION-1752403989990] [dashboard] [INFO] Test run requested but tests are already running
[2025-07-13T13:21:46.498Z] [SESSION-1752403989990] [dashboard] [INFO] Test run requested but tests are already running
[2025-07-13T13:22:07.498Z] [SESSION-1752403989990] [dashboard] [INFO] Test run requested but tests are already running
[2025-07-13T13:22:21.764Z] [SESSION-1752403989990] [dashboard] [INFO] Tests completed successfully
[2025-07-13T13:22:28.486Z] [SESSION-1752403989990] [dashboard] [INFO] Running all tests via test_start.js | {"headless":false}
[2025-07-13T13:22:49.498Z] [SESSION-1752403989990] [dashboard] [INFO] Test run requested but tests are already running
[2025-07-13T13:23:09.042Z] [SESSION-1752403989990] [dashboard] [INFO] Test run requested but tests are already running
[2025-07-13T13:23:10.486Z] [SESSION-1752403989990] [dashboard] [INFO] Test run requested but tests are already running
[2025-07-13T13:23:31.498Z] [SESSION-1752403989990] [dashboard] [INFO] Test run requested but tests are already running
[2025-07-13T13:23:52.497Z] [SESSION-1752403989990] [dashboard] [INFO] Test run requested but tests are already running
[2025-07-13T13:24:06.759Z] [SESSION-1752403989990] [dashboard] [INFO] Tests completed successfully
[2025-07-13T13:24:13.497Z] [SESSION-1752403989990] [dashboard] [INFO] Running all tests via test_start.js | {"headless":false}
[2025-07-13T13:24:34.497Z] [SESSION-1752403989990] [dashboard] [INFO] Test run requested but tests are already running
[2025-07-13T13:24:54.081Z] [SESSION-1752403989990] [dashboard] [INFO] Test run requested but tests are already running
[2025-07-13T13:24:55.484Z] [SESSION-1752403989990] [dashboard] [INFO] Test run requested but tests are already running
[2025-07-13T13:25:16.487Z] [SESSION-1752403989990] [dashboard] [INFO] Test run requested but tests are already running
[2025-07-13T13:25:37.494Z] [SESSION-1752403989990] [dashboard] [INFO] Test run requested but tests are already running
[2025-07-13T13:25:51.786Z] [SESSION-1752403989990] [dashboard] [INFO] Tests completed successfully
[2025-07-13T13:25:58.497Z] [SESSION-1752403989990] [dashboard] [INFO] Running all tests via test_start.js | {"headless":false}
[2025-07-13T13:26:19.496Z] [SESSION-1752403989990] [dashboard] [INFO] Test run requested but tests are already running
[2025-07-13T13:26:39.079Z] [SESSION-1752403989990] [dashboard] [INFO] Test run requested but tests are already running
[2025-07-13T13:26:40.490Z] [SESSION-1752403989990] [dashboard] [INFO] Test run requested but tests are already running
[2025-07-13T13:27:01.495Z] [SESSION-1752403989990] [dashboard] [INFO] Test run requested but tests are already running
[2025-07-13T13:27:22.485Z] [SESSION-1752403989990] [dashboard] [INFO] Test run requested but tests are already running
[2025-07-13T13:27:36.812Z] [SESSION-1752403989990] [dashboard] [INFO] Tests completed successfully
[2025-07-13T13:27:43.510Z] [SESSION-1752403989990] [dashboard] [INFO] Running all tests via test_start.js | {"headless":false}
[2025-07-13T13:28:04.513Z] [SESSION-1752403989990] [dashboard] [INFO] Test run requested but tests are already running
[2025-07-13T13:28:24.107Z] [SESSION-1752403989990] [dashboard] [INFO] Test run requested but tests are already running
[2025-07-13T13:28:25.513Z] [SESSION-1752403989990] [dashboard] [INFO] Test run requested but tests are already running
[2025-07-13T13:28:46.515Z] [SESSION-1752403989990] [dashboard] [INFO] Test run requested but tests are already running
[2025-07-13T13:29:07.502Z] [SESSION-1752403989990] [dashboard] [INFO] Test run requested but tests are already running
[2025-07-13T13:29:21.837Z] [SESSION-1752403989990] [dashboard] [INFO] Tests completed successfully
[2025-07-13T13:29:28.515Z] [SESSION-1752403989990] [dashboard] [INFO] Running all tests via test_start.js | {"headless":false}
[2025-07-13T13:29:49.502Z] [SESSION-1752403989990] [dashboard] [INFO] Test run requested but tests are already running
[2025-07-13T13:30:09.094Z] [SESSION-1752403989990] [dashboard] [INFO] Test run requested but tests are already running
[2025-07-13T13:30:10.514Z] [SESSION-1752403989990] [dashboard] [INFO] Test run requested but tests are already running
[2025-07-13T13:30:31.515Z] [SESSION-1752403989990] [dashboard] [INFO] Test run requested but tests are already running
[2025-07-13T13:30:52.501Z] [SESSION-1752403989990] [dashboard] [INFO] Test run requested but tests are already running
[2025-07-13T13:31:06.797Z] [SESSION-1752403989990] [dashboard] [INFO] Tests completed successfully
[2025-07-13T13:31:13.515Z] [SESSION-1752403989990] [dashboard] [INFO] Running all tests via test_start.js | {"headless":false}
[2025-07-13T13:31:34.502Z] [SESSION-1752403989990] [dashboard] [INFO] Test run requested but tests are already running
[2025-07-13T13:31:54.104Z] [SESSION-1752403989990] [dashboard] [INFO] Test run requested but tests are already running
[2025-07-13T13:31:55.513Z] [SESSION-1752403989990] [dashboard] [INFO] Test run requested but tests are already running
[2025-07-13T13:32:16.514Z] [SESSION-1752403989990] [dashboard] [INFO] Test run requested but tests are already running
[2025-07-13T13:32:37.503Z] [SESSION-1752403989990] [dashboard] [INFO] Test run requested but tests are already running
[2025-07-13T13:32:51.827Z] [SESSION-1752403989990] [dashboard] [INFO] Tests completed successfully
[2025-07-13T13:32:58.515Z] [SESSION-1752403989990] [dashboard] [INFO] Running all tests via test_start.js | {"headless":false}
[2025-07-13T13:33:19.502Z] [SESSION-1752403989990] [dashboard] [INFO] Test run requested but tests are already running
[2025-07-13T13:33:39.069Z] [SESSION-1752403989990] [dashboard] [INFO] Test run requested but tests are already running
[2025-07-13T13:33:40.514Z] [SESSION-1752403989990] [dashboard] [INFO] Test run requested but tests are already running
[2025-07-13T13:34:01.501Z] [SESSION-1752403989990] [dashboard] [INFO] Test run requested but tests are already running
[2025-07-13T13:34:22.514Z] [SESSION-1752403989990] [dashboard] [INFO] Test run requested but tests are already running
[2025-07-13T13:34:36.792Z] [SESSION-1752403989990] [dashboard] [INFO] Tests completed successfully
[2025-07-13T13:34:43.514Z] [SESSION-1752403989990] [dashboard] [INFO] Running all tests via test_start.js | {"headless":false}
[2025-07-13T13:35:04.513Z] [SESSION-1752403989990] [dashboard] [INFO] Test run requested but tests are already running
[2025-07-13T13:35:24.016Z] [SESSION-1752403989990] [dashboard] [INFO] Test run requested but tests are already running
[2025-07-13T13:35:25.514Z] [SESSION-1752403989990] [dashboard] [INFO] Test run requested but tests are already running
[2025-07-13T13:35:46.501Z] [SESSION-1752403989990] [dashboard] [INFO] Test run requested but tests are already running
[2025-07-13T13:36:07.515Z] [SESSION-1752403989990] [dashboard] [INFO] Test run requested but tests are already running
[2025-07-13T13:36:21.854Z] [SESSION-1752403989990] [dashboard] [INFO] Tests completed successfully
[2025-07-13T13:36:28.510Z] [SESSION-1752403989990] [dashboard] [INFO] Running all tests via test_start.js | {"headless":false}
[2025-07-13T13:36:49.512Z] [SESSION-1752403989990] [dashboard] [INFO] Test run requested but tests are already running
[2025-07-13T13:37:09.073Z] [SESSION-1752403989990] [dashboard] [INFO] Test run requested but tests are already running
[2025-07-13T13:37:10.514Z] [SESSION-1752403989990] [dashboard] [INFO] Test run requested but tests are already running
[2025-07-13T13:37:31.510Z] [SESSION-1752403989990] [dashboard] [INFO] Test run requested but tests are already running
[2025-07-13T13:37:52.514Z] [SESSION-1752403989990] [dashboard] [INFO] Test run requested but tests are already running
[2025-07-13T13:38:06.822Z] [SESSION-1752403989990] [dashboard] [INFO] Tests completed successfully
[2025-07-13T13:38:13.512Z] [SESSION-1752403989990] [dashboard] [INFO] Running all tests via test_start.js | {"headless":false}
[2025-07-13T13:38:34.514Z] [SESSION-1752403989990] [dashboard] [INFO] Test run requested but tests are already running
[2025-07-13T13:38:54.138Z] [SESSION-1752403989990] [dashboard] [INFO] Test run requested but tests are already running
[2025-07-13T13:38:55.514Z] [SESSION-1752403989990] [dashboard] [INFO] Test run requested but tests are already running
[2025-07-13T13:39:16.515Z] [SESSION-1752403989990] [dashboard] [INFO] Test run requested but tests are already running
[2025-07-13T13:39:37.512Z] [SESSION-1752403989990] [dashboard] [INFO] Test run requested but tests are already running
[2025-07-13T13:39:51.899Z] [SESSION-1752403989990] [dashboard] [INFO] Tests completed successfully
[2025-07-13T13:39:58.514Z] [SESSION-1752403989990] [dashboard] [INFO] Running all tests via test_start.js | {"headless":false}
[2025-07-13T13:40:19.510Z] [SESSION-1752403989990] [dashboard] [INFO] Test run requested but tests are already running
[2025-07-13T13:40:39.131Z] [SESSION-1752403989990] [dashboard] [INFO] Test run requested but tests are already running
[2025-07-13T13:40:40.514Z] [SESSION-1752403989990] [dashboard] [INFO] Test run requested but tests are already running
[2025-07-13T13:41:01.513Z] [SESSION-1752403989990] [dashboard] [INFO] Test run requested but tests are already running
[2025-07-13T13:41:22.514Z] [SESSION-1752403989990] [dashboard] [INFO] Test run requested but tests are already running
[2025-07-13T13:41:36.989Z] [SESSION-1752403989990] [dashboard] [INFO] Tests completed successfully
[2025-07-13T13:41:43.513Z] [SESSION-1752403989990] [dashboard] [INFO] Running all tests via test_start.js | {"headless":false}
[2025-07-13T13:42:04.513Z] [SESSION-1752403989990] [dashboard] [INFO] Test run requested but tests are already running
[2025-07-13T13:42:24.114Z] [SESSION-1752403989990] [dashboard] [INFO] Test run requested but tests are already running
[2025-07-13T13:42:25.514Z] [SESSION-1752403989990] [dashboard] [INFO] Test run requested but tests are already running
[2025-07-13T13:42:46.514Z] [SESSION-1752403989990] [dashboard] [INFO] Test run requested but tests are already running
[2025-07-13T13:43:07.513Z] [SESSION-1752403989990] [dashboard] [INFO] Test run requested but tests are already running
[2025-07-13T13:43:21.877Z] [SESSION-1752403989990] [dashboard] [INFO] Tests completed successfully
[2025-07-13T13:43:28.514Z] [SESSION-1752403989990] [dashboard] [INFO] Running all tests via test_start.js | {"headless":false}
[2025-07-13T13:43:49.514Z] [SESSION-1752403989990] [dashboard] [INFO] Test run requested but tests are already running
[2025-07-13T13:44:09.139Z] [SESSION-1752403989990] [dashboard] [INFO] Test run requested but tests are already running
[2025-07-13T13:44:10.512Z] [SESSION-1752403989990] [dashboard] [INFO] Test run requested but tests are already running
[2025-07-13T13:44:31.509Z] [SESSION-1752403989990] [dashboard] [INFO] Test run requested but tests are already running
[2025-07-13T13:44:52.512Z] [SESSION-1752403989990] [dashboard] [INFO] Test run requested but tests are already running
[2025-07-13T13:45:06.897Z] [SESSION-1752403989990] [dashboard] [INFO] Tests completed successfully
[2025-07-13T13:45:13.503Z] [SESSION-1752403989990] [dashboard] [INFO] Running all tests via test_start.js | {"headless":false}
[2025-07-13T13:45:34.513Z] [SESSION-1752403989990] [dashboard] [INFO] Test run requested but tests are already running
[2025-07-13T13:45:54.134Z] [SESSION-1752403989990] [dashboard] [INFO] Test run requested but tests are already running
[2025-07-13T13:45:55.513Z] [SESSION-1752403989990] [dashboard] [INFO] Test run requested but tests are already running
[2025-07-13T13:46:16.513Z] [SESSION-1752403989990] [dashboard] [INFO] Test run requested but tests are already running
[2025-07-13T13:46:37.513Z] [SESSION-1752403989990] [dashboard] [INFO] Test run requested but tests are already running
[2025-07-13T13:46:51.897Z] [SESSION-1752403989990] [dashboard] [INFO] Tests completed successfully
[2025-07-13T13:46:58.513Z] [SESSION-1752403989990] [dashboard] [INFO] Running all tests via test_start.js | {"headless":false}
[2025-07-13T13:47:19.512Z] [SESSION-1752403989990] [dashboard] [INFO] Test run requested but tests are already running
[2025-07-13T13:47:39.081Z] [SESSION-1752403989990] [dashboard] [INFO] Test run requested but tests are already running
[2025-07-13T13:47:40.514Z] [SESSION-1752403989990] [dashboard] [INFO] Test run requested but tests are already running
[2025-07-13T13:48:01.510Z] [SESSION-1752403989990] [dashboard] [INFO] Test run requested but tests are already running
[2025-07-13T13:48:22.515Z] [SESSION-1752403989990] [dashboard] [INFO] Test run requested but tests are already running
[2025-07-13T13:48:36.825Z] [SESSION-1752403989990] [dashboard] [INFO] Tests completed successfully
[2025-07-13T13:48:43.513Z] [SESSION-1752403989990] [dashboard] [INFO] Running all tests via test_start.js | {"headless":false}
[2025-07-13T13:49:04.511Z] [SESSION-1752403989990] [dashboard] [INFO] Test run requested but tests are already running
[2025-07-13T13:49:24.142Z] [SESSION-1752403989990] [dashboard] [INFO] Test run requested but tests are already running
[2025-07-13T13:49:25.512Z] [SESSION-1752403989990] [dashboard] [INFO] Test run requested but tests are already running
[2025-07-13T13:49:46.514Z] [SESSION-1752403989990] [dashboard] [INFO] Test run requested but tests are already running
[2025-07-13T13:50:07.511Z] [SESSION-1752403989990] [dashboard] [INFO] Test run requested but tests are already running
[2025-07-13T13:50:21.950Z] [SESSION-1752403989990] [dashboard] [INFO] Tests completed successfully
[2025-07-13T13:50:28.513Z] [SESSION-1752403989990] [dashboard] [INFO] Running all tests via test_start.js | {"headless":false}
[2025-07-13T13:50:49.513Z] [SESSION-1752403989990] [dashboard] [INFO] Test run requested but tests are already running
[2025-07-13T13:51:09.141Z] [SESSION-1752403989990] [dashboard] [INFO] Test run requested but tests are already running
[2025-07-13T13:51:10.511Z] [SESSION-1752403989990] [dashboard] [INFO] Test run requested but tests are already running
[2025-07-13T13:51:31.511Z] [SESSION-1752403989990] [dashboard] [INFO] Test run requested but tests are already running
[2025-07-13T13:51:52.513Z] [SESSION-1752403989990] [dashboard] [INFO] Test run requested but tests are already running
[2025-07-13T13:52:06.950Z] [SESSION-1752403989990] [dashboard] [INFO] Tests completed successfully
[2025-07-13T13:52:13.513Z] [SESSION-1752403989990] [dashboard] [INFO] Running all tests via test_start.js | {"headless":false}
[2025-07-13T13:52:34.509Z] [SESSION-1752403989990] [dashboard] [INFO] Test run requested but tests are already running
[2025-07-13T13:52:54.123Z] [SESSION-1752403989990] [dashboard] [INFO] Test run requested but tests are already running
[2025-07-13T13:52:55.513Z] [SESSION-1752403989990] [dashboard] [INFO] Test run requested but tests are already running
[2025-07-13T13:53:16.512Z] [SESSION-1752403989990] [dashboard] [INFO] Test run requested but tests are already running
[2025-07-13T13:53:37.512Z] [SESSION-1752403989990] [dashboard] [INFO] Test run requested but tests are already running
[2025-07-13T13:53:51.982Z] [SESSION-1752403989990] [dashboard] [INFO] Tests completed successfully
[2025-07-13T13:53:58.515Z] [SESSION-1752403989990] [dashboard] [INFO] Running all tests via test_start.js | {"headless":false}
[2025-07-13T13:54:19.512Z] [SESSION-1752403989990] [dashboard] [INFO] Test run requested but tests are already running
[2025-07-13T13:54:39.106Z] [SESSION-1752403989990] [dashboard] [INFO] Test run requested but tests are already running
[2025-07-13T13:54:40.512Z] [SESSION-1752403989990] [dashboard] [INFO] Test run requested but tests are already running
[2025-07-13T13:55:01.512Z] [SESSION-1752403989990] [dashboard] [INFO] Test run requested but tests are already running
[2025-07-13T13:55:22.512Z] [SESSION-1752403989990] [dashboard] [INFO] Test run requested but tests are already running
[2025-07-13T13:55:36.854Z] [SESSION-1752403989990] [dashboard] [INFO] Tests completed successfully
[2025-07-13T13:55:43.512Z] [SESSION-1752403989990] [dashboard] [INFO] Running all tests via test_start.js | {"headless":false}
[2025-07-13T13:56:04.512Z] [SESSION-1752403989990] [dashboard] [INFO] Test run requested but tests are already running
[2025-07-13T13:56:24.103Z] [SESSION-1752403989990] [dashboard] [INFO] Test run requested but tests are already running
[2025-07-13T13:56:25.510Z] [SESSION-1752403989990] [dashboard] [INFO] Test run requested but tests are already running
[2025-07-13T13:56:46.510Z] [SESSION-1752403989990] [dashboard] [INFO] Test run requested but tests are already running
[2025-07-13T13:57:07.512Z] [SESSION-1752403989990] [dashboard] [INFO] Test run requested but tests are already running
[2025-07-13T13:57:21.871Z] [SESSION-1752403989990] [dashboard] [INFO] Tests completed successfully
[2025-07-13T13:57:28.505Z] [SESSION-1752403989990] [dashboard] [INFO] Running all tests via test_start.js | {"headless":false}
[2025-07-13T13:57:49.510Z] [SESSION-1752403989990] [dashboard] [INFO] Test run requested but tests are already running
[2025-07-13T13:58:09.101Z] [SESSION-1752403989990] [dashboard] [INFO] Test run requested but tests are already running
[2025-07-13T13:58:10.511Z] [SESSION-1752403989990] [dashboard] [INFO] Test run requested but tests are already running
[2025-07-13T13:58:31.511Z] [SESSION-1752403989990] [dashboard] [INFO] Test run requested but tests are already running
[2025-07-13T13:58:52.505Z] [SESSION-1752403989990] [dashboard] [INFO] Test run requested but tests are already running
[2025-07-13T13:59:06.847Z] [SESSION-1752403989990] [dashboard] [INFO] Tests completed successfully
[2025-07-13T13:59:13.503Z] [SESSION-1752403989990] [dashboard] [INFO] Running all tests via test_start.js | {"headless":false}
[2025-07-13T13:59:34.501Z] [SESSION-1752403989990] [dashboard] [INFO] Test run requested but tests are already running
[2025-07-13T13:59:54.120Z] [SESSION-1752403989990] [dashboard] [INFO] Test run requested but tests are already running
[2025-07-13T13:59:55.501Z] [SESSION-1752403989990] [dashboard] [INFO] Test run requested but tests are already running
[2025-07-13T14:00:16.501Z] [SESSION-1752403989990] [dashboard] [INFO] Test run requested but tests are already running
[2025-07-13T14:00:37.500Z] [SESSION-1752403989990] [dashboard] [INFO] Test run requested but tests are already running
[2025-07-13T14:00:51.846Z] [SESSION-1752403989990] [dashboard] [INFO] Tests completed successfully
[2025-07-13T14:00:58.495Z] [SESSION-1752403989990] [dashboard] [INFO] Running all tests via test_start.js | {"headless":false}
[2025-07-13T14:01:19.502Z] [SESSION-1752403989990] [dashboard] [INFO] Test run requested but tests are already running
[2025-07-13T14:01:39.014Z] [SESSION-1752403989990] [dashboard] [INFO] Test run requested but tests are already running
[2025-07-13T14:01:40.500Z] [SESSION-1752403989990] [dashboard] [INFO] Test run requested but tests are already running
[2025-07-13T14:02:01.499Z] [SESSION-1752403989990] [dashboard] [INFO] Test run requested but tests are already running
[2025-07-13T14:02:22.502Z] [SESSION-1752403989990] [dashboard] [INFO] Test run requested but tests are already running
[2025-07-13T14:02:36.760Z] [SESSION-1752403989990] [dashboard] [INFO] Tests completed successfully
[2025-07-13T14:02:43.499Z] [SESSION-1752403989990] [dashboard] [INFO] Running all tests via test_start.js | {"headless":false}
[2025-07-13T14:03:04.500Z] [SESSION-1752403989990] [dashboard] [INFO] Test run requested but tests are already running
[2025-07-13T14:03:24.033Z] [SESSION-1752403989990] [dashboard] [INFO] Test run requested but tests are already running
[2025-07-13T14:03:25.501Z] [SESSION-1752403989990] [dashboard] [INFO] Test run requested but tests are already running
[2025-07-13T14:03:46.500Z] [SESSION-1752403989990] [dashboard] [INFO] Test run requested but tests are already running
[2025-07-13T14:04:07.500Z] [SESSION-1752403989990] [dashboard] [INFO] Test run requested but tests are already running
[2025-07-13T14:04:21.770Z] [SESSION-1752403989990] [dashboard] [INFO] Tests completed successfully
[2025-07-13T14:04:28.501Z] [SESSION-1752403989990] [dashboard] [INFO] Running all tests via test_start.js | {"headless":false}
[2025-07-13T14:04:49.498Z] [SESSION-1752403989990] [dashboard] [INFO] Test run requested but tests are already running
[2025-07-13T14:05:09.048Z] [SESSION-1752403989990] [dashboard] [INFO] Test run requested but tests are already running
[2025-07-13T14:05:10.497Z] [SESSION-1752403989990] [dashboard] [INFO] Test run requested but tests are already running
[2025-07-13T14:05:31.500Z] [SESSION-1752403989990] [dashboard] [INFO] Test run requested but tests are already running
[2025-07-13T14:05:52.499Z] [SESSION-1752403989990] [dashboard] [INFO] Test run requested but tests are already running
[2025-07-13T14:06:06.797Z] [SESSION-1752403989990] [dashboard] [INFO] Tests completed successfully
[2025-07-13T14:06:13.499Z] [SESSION-1752403989990] [dashboard] [INFO] Running all tests via test_start.js | {"headless":false}
[2025-07-13T14:06:34.499Z] [SESSION-1752403989990] [dashboard] [INFO] Test run requested but tests are already running
[2025-07-13T14:06:54.025Z] [SESSION-1752403989990] [dashboard] [INFO] Test run requested but tests are already running
[2025-07-13T14:06:55.499Z] [SESSION-1752403989990] [dashboard] [INFO] Test run requested but tests are already running
[2025-07-13T14:07:16.498Z] [SESSION-1752403989990] [dashboard] [INFO] Test run requested but tests are already running
[2025-07-13T14:07:37.499Z] [SESSION-1752403989990] [dashboard] [INFO] Test run requested but tests are already running
[2025-07-13T14:07:51.773Z] [SESSION-1752403989990] [dashboard] [INFO] Tests completed successfully
[2025-07-13T14:07:58.498Z] [SESSION-1752403989990] [dashboard] [INFO] Running all tests via test_start.js | {"headless":false}
[2025-07-13T14:08:19.496Z] [SESSION-1752403989990] [dashboard] [INFO] Test run requested but tests are already running
[2025-07-13T14:08:39.041Z] [SESSION-1752403989990] [dashboard] [INFO] Test run requested but tests are already running
[2025-07-13T14:08:40.500Z] [SESSION-1752403989990] [dashboard] [INFO] Test run requested but tests are already running
[2025-07-13T14:09:01.498Z] [SESSION-1752403989990] [dashboard] [INFO] Test run requested but tests are already running
[2025-07-13T14:09:22.498Z] [SESSION-1752403989990] [dashboard] [INFO] Test run requested but tests are already running
[2025-07-13T14:09:36.774Z] [SESSION-1752403989990] [dashboard] [INFO] Tests completed successfully
[2025-07-13T14:09:43.502Z] [SESSION-1752403989990] [dashboard] [INFO] Running all tests via test_start.js | {"headless":false}
[2025-07-13T14:10:04.498Z] [SESSION-1752403989990] [dashboard] [INFO] Test run requested but tests are already running
[2025-07-13T14:10:24.038Z] [SESSION-1752403989990] [dashboard] [INFO] Test run requested but tests are already running
[2025-07-13T14:10:25.497Z] [SESSION-1752403989990] [dashboard] [INFO] Test run requested but tests are already running
[2025-07-13T14:10:46.495Z] [SESSION-1752403989990] [dashboard] [INFO] Test run requested but tests are already running
[2025-07-13T14:11:07.498Z] [SESSION-1752403989990] [dashboard] [INFO] Test run requested but tests are already running
[2025-07-13T14:11:21.794Z] [SESSION-1752403989990] [dashboard] [INFO] Tests completed successfully
[2025-07-13T14:11:28.497Z] [SESSION-1752403989990] [dashboard] [INFO] Running all tests via test_start.js | {"headless":false}
[2025-07-13T14:11:49.491Z] [SESSION-1752403989990] [dashboard] [INFO] Test run requested but tests are already running
[2025-07-13T14:12:09.031Z] [SESSION-1752403989990] [dashboard] [INFO] Test run requested but tests are already running
[2025-07-13T14:12:10.496Z] [SESSION-1752403989990] [dashboard] [INFO] Test run requested but tests are already running
[2025-07-13T14:12:31.496Z] [SESSION-1752403989990] [dashboard] [INFO] Test run requested but tests are already running
[2025-07-13T14:12:52.497Z] [SESSION-1752403989990] [dashboard] [INFO] Test run requested but tests are already running
[2025-07-13T14:13:06.785Z] [SESSION-1752403989990] [dashboard] [INFO] Tests completed successfully
[2025-07-13T14:13:13.497Z] [SESSION-1752403989990] [dashboard] [INFO] Running all tests via test_start.js | {"headless":false}
[2025-07-13T14:13:34.497Z] [SESSION-1752403989990] [dashboard] [INFO] Test run requested but tests are already running
[2025-07-13T14:13:54.065Z] [SESSION-1752403989990] [dashboard] [INFO] Test run requested but tests are already running
[2025-07-13T14:13:55.497Z] [SESSION-1752403989990] [dashboard] [INFO] Test run requested but tests are already running
[2025-07-13T14:14:16.496Z] [SESSION-1752403989990] [dashboard] [INFO] Test run requested but tests are already running
[2025-07-13T14:14:37.493Z] [SESSION-1752403989990] [dashboard] [INFO] Test run requested but tests are already running
[2025-07-13T14:14:51.932Z] [SESSION-1752403989990] [dashboard] [INFO] Tests completed successfully
[2025-07-13T14:14:58.494Z] [SESSION-1752403989990] [dashboard] [INFO] Running all tests via test_start.js | {"headless":false}
[2025-07-13T14:15:19.496Z] [SESSION-1752403989990] [dashboard] [INFO] Test run requested but tests are already running
[2025-07-13T14:15:39.086Z] [SESSION-1752403989990] [dashboard] [INFO] Test run requested but tests are already running
[2025-07-13T14:15:40.495Z] [SESSION-1752403989990] [dashboard] [INFO] Test run requested but tests are already running
[2025-07-13T14:16:01.494Z] [SESSION-1752403989990] [dashboard] [INFO] Test run requested but tests are already running
[2025-07-13T14:16:22.495Z] [SESSION-1752403989990] [dashboard] [INFO] Test run requested but tests are already running
[2025-07-13T14:16:36.855Z] [SESSION-1752403989990] [dashboard] [INFO] Tests completed successfully
[2025-07-13T14:16:43.496Z] [SESSION-1752403989990] [dashboard] [INFO] Running all tests via test_start.js | {"headless":false}
[2025-07-13T14:17:04.496Z] [SESSION-1752403989990] [dashboard] [INFO] Test run requested but tests are already running
[2025-07-13T14:17:24.088Z] [SESSION-1752403989990] [dashboard] [INFO] Test run requested but tests are already running
[2025-07-13T14:17:25.496Z] [SESSION-1752403989990] [dashboard] [INFO] Test run requested but tests are already running
[2025-07-13T14:17:46.488Z] [SESSION-1752403989990] [dashboard] [INFO] Test run requested but tests are already running
[2025-07-13T14:18:07.496Z] [SESSION-1752403989990] [dashboard] [INFO] Test run requested but tests are already running
[2025-07-13T14:18:21.845Z] [SESSION-1752403989990] [dashboard] [INFO] Tests completed successfully
[2025-07-13T14:18:28.489Z] [SESSION-1752403989990] [dashboard] [INFO] Running all tests via test_start.js | {"headless":false}
[2025-07-13T14:18:49.495Z] [SESSION-1752403989990] [dashboard] [INFO] Test run requested but tests are already running
[2025-07-13T14:19:09.089Z] [SESSION-1752403989990] [dashboard] [INFO] Test run requested but tests are already running
[2025-07-13T14:19:10.495Z] [SESSION-1752403989990] [dashboard] [INFO] Test run requested but tests are already running
[2025-07-13T14:19:31.495Z] [SESSION-1752403989990] [dashboard] [INFO] Test run requested but tests are already running
[2025-07-13T14:19:52.493Z] [SESSION-1752403989990] [dashboard] [INFO] Test run requested but tests are already running
[2025-07-13T14:20:06.856Z] [SESSION-1752403989990] [dashboard] [INFO] Tests completed successfully
[2025-07-13T14:20:13.496Z] [SESSION-1752403989990] [dashboard] [INFO] Running all tests via test_start.js | {"headless":false}
[2025-07-13T14:20:34.494Z] [SESSION-1752403989990] [dashboard] [INFO] Test run requested but tests are already running
[2025-07-13T14:20:54.099Z] [SESSION-1752403989990] [dashboard] [INFO] Test run requested but tests are already running
[2025-07-13T14:20:55.494Z] [SESSION-1752403989990] [dashboard] [INFO] Test run requested but tests are already running
[2025-07-13T14:21:16.493Z] [SESSION-1752403989990] [dashboard] [INFO] Test run requested but tests are already running
[2025-07-13T14:21:37.493Z] [SESSION-1752403989990] [dashboard] [INFO] Test run requested but tests are already running
[2025-07-13T14:21:51.876Z] [SESSION-1752403989990] [dashboard] [INFO] Tests completed successfully
[2025-07-13T14:21:58.495Z] [SESSION-1752403989990] [dashboard] [INFO] Running all tests via test_start.js | {"headless":false}
[2025-07-13T14:22:19.492Z] [SESSION-1752403989990] [dashboard] [INFO] Test run requested but tests are already running
[2025-07-13T14:22:39.102Z] [SESSION-1752403989990] [dashboard] [INFO] Test run requested but tests are already running
[2025-07-13T14:22:40.494Z] [SESSION-1752403989990] [dashboard] [INFO] Test run requested but tests are already running
[2025-07-13T14:23:01.494Z] [SESSION-1752403989990] [dashboard] [INFO] Test run requested but tests are already running
[2025-07-13T14:23:22.490Z] [SESSION-1752403989990] [dashboard] [INFO] Test run requested but tests are already running
[2025-07-13T14:23:36.831Z] [SESSION-1752403989990] [dashboard] [INFO] Tests completed successfully
[2025-07-13T14:23:43.491Z] [SESSION-1752403989990] [dashboard] [INFO] Running all tests via test_start.js | {"headless":false}
[2025-07-13T14:24:04.492Z] [SESSION-1752403989990] [dashboard] [INFO] Test run requested but tests are already running
[2025-07-13T14:24:24.085Z] [SESSION-1752403989990] [dashboard] [INFO] Test run requested but tests are already running
[2025-07-13T14:24:25.491Z] [SESSION-1752403989990] [dashboard] [INFO] Test run requested but tests are already running
[2025-07-13T14:24:46.488Z] [SESSION-1752403989990] [dashboard] [INFO] Test run requested but tests are already running
[2025-07-13T14:25:07.493Z] [SESSION-1752403989990] [dashboard] [INFO] Test run requested but tests are already running
[2025-07-13T14:25:21.985Z] [SESSION-1752403989990] [dashboard] [INFO] Tests completed successfully
[2025-07-13T14:25:28.492Z] [SESSION-1752403989990] [dashboard] [INFO] Running all tests via test_start.js | {"headless":false}
[2025-07-13T14:25:49.492Z] [SESSION-1752403989990] [dashboard] [INFO] Test run requested but tests are already running
[2025-07-13T14:26:09.045Z] [SESSION-1752403989990] [dashboard] [INFO] Test run requested but tests are already running
[2025-07-13T14:26:10.491Z] [SESSION-1752403989990] [dashboard] [INFO] Test run requested but tests are already running
[2025-07-13T14:26:31.489Z] [SESSION-1752403989990] [dashboard] [INFO] Test run requested but tests are already running
[2025-07-13T14:26:52.493Z] [SESSION-1752403989990] [dashboard] [INFO] Test run requested but tests are already running
[2025-07-13T14:27:06.780Z] [SESSION-1752403989990] [dashboard] [INFO] Tests completed successfully
[2025-07-13T14:27:13.492Z] [SESSION-1752403989990] [dashboard] [INFO] Running all tests via test_start.js | {"headless":false}
[2025-07-13T14:27:34.485Z] [SESSION-1752403989990] [dashboard] [INFO] Test run requested but tests are already running
[2025-07-13T14:27:54.093Z] [SESSION-1752403989990] [dashboard] [INFO] Test run requested but tests are already running
[2025-07-13T14:27:55.491Z] [SESSION-1752403989990] [dashboard] [INFO] Test run requested but tests are already running
[2025-07-13T14:28:16.492Z] [SESSION-1752403989990] [dashboard] [INFO] Test run requested but tests are already running
[2025-07-13T14:28:37.485Z] [SESSION-1752403989990] [dashboard] [INFO] Test run requested but tests are already running
[2025-07-13T14:28:51.843Z] [SESSION-1752403989990] [dashboard] [INFO] Tests completed successfully
[2025-07-13T14:28:58.492Z] [SESSION-1752403989990] [dashboard] [INFO] Running all tests via test_start.js | {"headless":false}
[2025-07-13T14:29:19.491Z] [SESSION-1752403989990] [dashboard] [INFO] Test run requested but tests are already running
[2025-07-13T14:29:39.058Z] [SESSION-1752403989990] [dashboard] [INFO] Test run requested but tests are already running
[2025-07-13T14:29:40.490Z] [SESSION-1752403989990] [dashboard] [INFO] Test run requested but tests are already running
[2025-07-13T14:30:01.496Z] [SESSION-1752403989990] [dashboard] [INFO] Test run requested but tests are already running
[2025-07-13T14:30:22.497Z] [SESSION-1752403989990] [dashboard] [INFO] Test run requested but tests are already running
[2025-07-13T14:30:36.912Z] [SESSION-1752403989990] [dashboard] [INFO] Tests completed successfully
[2025-07-13T14:30:43.499Z] [SESSION-1752403989990] [dashboard] [INFO] Running all tests via test_start.js | {"headless":false}
[2025-07-13T14:31:04.499Z] [SESSION-1752403989990] [dashboard] [INFO] Test run requested but tests are already running
[2025-07-13T14:31:24.087Z] [SESSION-1752403989990] [dashboard] [INFO] Test run requested but tests are already running
[2025-07-13T14:31:25.497Z] [SESSION-1752403989990] [dashboard] [INFO] Test run requested but tests are already running
[2025-07-13T14:31:46.496Z] [SESSION-1752403989990] [dashboard] [INFO] Test run requested but tests are already running
[2025-07-13T14:32:07.499Z] [SESSION-1752403989990] [dashboard] [INFO] Test run requested but tests are already running
[2025-07-13T14:32:21.854Z] [SESSION-1752403989990] [dashboard] [INFO] Tests completed successfully
[2025-07-13T14:32:28.500Z] [SESSION-1752403989990] [dashboard] [INFO] Running all tests via test_start.js | {"headless":false}
[2025-07-13T14:32:49.491Z] [SESSION-1752403989990] [dashboard] [INFO] Test run requested but tests are already running
[2025-07-13T14:33:09.070Z] [SESSION-1752403989990] [dashboard] [INFO] Test run requested but tests are already running
[2025-07-13T14:33:10.492Z] [SESSION-1752403989990] [dashboard] [INFO] Test run requested but tests are already running
[2025-07-13T14:33:31.497Z] [SESSION-1752403989990] [dashboard] [INFO] Test run requested but tests are already running
[2025-07-13T14:33:52.499Z] [SESSION-1752403989990] [dashboard] [INFO] Test run requested but tests are already running
[2025-07-13T14:34:06.800Z] [SESSION-1752403989990] [dashboard] [INFO] Tests completed successfully
[2025-07-13T14:34:13.492Z] [SESSION-1752403989990] [dashboard] [INFO] Running all tests via test_start.js | {"headless":false}
[2025-07-13T14:34:34.499Z] [SESSION-1752403989990] [dashboard] [INFO] Test run requested but tests are already running
[2025-07-13T14:34:54.074Z] [SESSION-1752403989990] [dashboard] [INFO] Test run requested but tests are already running
[2025-07-13T14:34:55.498Z] [SESSION-1752403989990] [dashboard] [INFO] Test run requested but tests are already running
[2025-07-13T14:35:16.493Z] [SESSION-1752403989990] [dashboard] [INFO] Test run requested but tests are already running
[2025-07-13T14:35:37.498Z] [SESSION-1752403989990] [dashboard] [INFO] Test run requested but tests are already running
[2025-07-13T14:35:51.831Z] [SESSION-1752403989990] [dashboard] [INFO] Tests completed successfully
[2025-07-13T14:35:58.492Z] [SESSION-1752403989990] [dashboard] [INFO] Running all tests via test_start.js | {"headless":false}
[2025-07-13T14:36:19.496Z] [SESSION-1752403989990] [dashboard] [INFO] Test run requested but tests are already running
[2025-07-13T14:36:39.066Z] [SESSION-1752403989990] [dashboard] [INFO] Test run requested but tests are already running
[2025-07-13T14:36:40.499Z] [SESSION-1752403989990] [dashboard] [INFO] Test run requested but tests are already running
[2025-07-13T14:37:01.498Z] [SESSION-1752403989990] [dashboard] [INFO] Test run requested but tests are already running
[2025-07-13T14:37:22.499Z] [SESSION-1752403989990] [dashboard] [INFO] Test run requested but tests are already running
[2025-07-13T14:37:36.835Z] [SESSION-1752403989990] [dashboard] [INFO] Tests completed successfully
[2025-07-13T14:37:43.498Z] [SESSION-1752403989990] [dashboard] [INFO] Running all tests via test_start.js | {"headless":false}
[2025-07-13T14:38:04.498Z] [SESSION-1752403989990] [dashboard] [INFO] Test run requested but tests are already running
[2025-07-13T14:38:24.073Z] [SESSION-1752403989990] [dashboard] [INFO] Test run requested but tests are already running
[2025-07-13T14:38:25.496Z] [SESSION-1752403989990] [dashboard] [INFO] Test run requested but tests are already running
[2025-07-13T14:38:46.498Z] [SESSION-1752403989990] [dashboard] [INFO] Test run requested but tests are already running
[2025-07-13T14:39:07.501Z] [SESSION-1752403989990] [dashboard] [INFO] Test run requested but tests are already running
[2025-07-13T14:39:21.817Z] [SESSION-1752403989990] [dashboard] [INFO] Tests completed successfully
[2025-07-13T14:39:28.492Z] [SESSION-1752403989990] [dashboard] [INFO] Running all tests via test_start.js | {"headless":false}
[2025-07-13T14:39:49.491Z] [SESSION-1752403989990] [dashboard] [INFO] Test run requested but tests are already running
[2025-07-13T14:40:09.076Z] [SESSION-1752403989990] [dashboard] [INFO] Test run requested but tests are already running
[2025-07-13T14:40:10.497Z] [SESSION-1752403989990] [dashboard] [INFO] Test run requested but tests are already running
[2025-07-13T14:40:31.497Z] [SESSION-1752403989990] [dashboard] [INFO] Test run requested but tests are already running
[2025-07-13T14:40:52.497Z] [SESSION-1752403989990] [dashboard] [INFO] Test run requested but tests are already running
[2025-07-13T14:41:06.837Z] [SESSION-1752403989990] [dashboard] [INFO] Tests completed successfully
[2025-07-13T14:41:13.489Z] [SESSION-1752403989990] [dashboard] [INFO] Running all tests via test_start.js | {"headless":false}
[2025-07-13T14:41:34.498Z] [SESSION-1752403989990] [dashboard] [INFO] Test run requested but tests are already running
[2025-07-13T14:41:54.077Z] [SESSION-1752403989990] [dashboard] [INFO] Test run requested but tests are already running
[2025-07-13T14:41:55.497Z] [SESSION-1752403989990] [dashboard] [INFO] Test run requested but tests are already running
[2025-07-13T14:42:16.497Z] [SESSION-1752403989990] [dashboard] [INFO] Test run requested but tests are already running
[2025-07-13T14:42:37.497Z] [SESSION-1752403989990] [dashboard] [INFO] Test run requested but tests are already running
[2025-07-13T14:42:51.829Z] [SESSION-1752403989990] [dashboard] [INFO] Tests completed successfully
[2025-07-13T14:42:58.495Z] [SESSION-1752403989990] [dashboard] [INFO] Running all tests via test_start.js | {"headless":false}
[2025-07-13T14:43:19.490Z] [SESSION-1752403989990] [dashboard] [INFO] Test run requested but tests are already running
[2025-07-13T14:43:39.058Z] [SESSION-1752403989990] [dashboard] [INFO] Test run requested but tests are already running
[2025-07-13T14:43:40.497Z] [SESSION-1752403989990] [dashboard] [INFO] Test run requested but tests are already running
[2025-07-13T14:44:01.489Z] [SESSION-1752403989990] [dashboard] [INFO] Test run requested but tests are already running
[2025-07-13T14:44:22.498Z] [SESSION-1752403989990] [dashboard] [INFO] Test run requested but tests are already running
[2025-07-13T14:44:36.930Z] [SESSION-1752403989990] [dashboard] [INFO] Tests completed successfully
[2025-07-13T14:44:43.496Z] [SESSION-1752403989990] [dashboard] [INFO] Running all tests via test_start.js | {"headless":false}
[2025-07-13T14:45:04.497Z] [SESSION-1752403989990] [dashboard] [INFO] Test run requested but tests are already running
[2025-07-13T14:45:24.067Z] [SESSION-1752403989990] [dashboard] [INFO] Test run requested but tests are already running
[2025-07-13T14:45:25.497Z] [SESSION-1752403989990] [dashboard] [INFO] Test run requested but tests are already running
[2025-07-13T14:45:46.495Z] [SESSION-1752403989990] [dashboard] [INFO] Test run requested but tests are already running
[2025-07-13T14:46:07.497Z] [SESSION-1752403989990] [dashboard] [INFO] Test run requested but tests are already running
[2025-07-13T14:46:21.828Z] [SESSION-1752403989990] [dashboard] [INFO] Tests completed successfully
[2025-07-13T14:46:28.498Z] [SESSION-1752403989990] [dashboard] [INFO] Running all tests via test_start.js | {"headless":false}
[2025-07-13T14:46:49.496Z] [SESSION-1752403989990] [dashboard] [INFO] Test run requested but tests are already running
[2025-07-13T14:47:09.066Z] [SESSION-1752403989990] [dashboard] [INFO] Test run requested but tests are already running
[2025-07-13T14:47:10.495Z] [SESSION-1752403989990] [dashboard] [INFO] Test run requested but tests are already running
[2025-07-13T14:47:31.497Z] [SESSION-1752403989990] [dashboard] [INFO] Test run requested but tests are already running
[2025-07-13T14:47:52.498Z] [SESSION-1752403989990] [dashboard] [INFO] Test run requested but tests are already running
[2025-07-13T14:48:06.810Z] [SESSION-1752403989990] [dashboard] [INFO] Tests completed successfully
[2025-07-13T14:48:13.497Z] [SESSION-1752403989990] [dashboard] [INFO] Running all tests via test_start.js | {"headless":false}
[2025-07-13T14:48:34.497Z] [SESSION-1752403989990] [dashboard] [INFO] Test run requested but tests are already running
[2025-07-13T14:48:54.084Z] [SESSION-1752403989990] [dashboard] [INFO] Test run requested but tests are already running
[2025-07-13T14:48:55.489Z] [SESSION-1752403989990] [dashboard] [INFO] Test run requested but tests are already running
[2025-07-13T14:49:16.494Z] [SESSION-1752403989990] [dashboard] [INFO] Test run requested but tests are already running
[2025-07-13T14:49:37.491Z] [SESSION-1752403989990] [dashboard] [INFO] Test run requested but tests are already running
[2025-07-13T14:49:51.854Z] [SESSION-1752403989990] [dashboard] [INFO] Tests completed successfully
[2025-07-13T14:49:58.498Z] [SESSION-1752403989990] [dashboard] [INFO] Running all tests via test_start.js | {"headless":false}
[2025-07-13T14:50:19.496Z] [SESSION-1752403989990] [dashboard] [INFO] Test run requested but tests are already running
[2025-07-13T14:50:39.083Z] [SESSION-1752403989990] [dashboard] [INFO] Test run requested but tests are already running
[2025-07-13T14:50:40.495Z] [SESSION-1752403989990] [dashboard] [INFO] Test run requested but tests are already running
[2025-07-13T14:51:01.496Z] [SESSION-1752403989990] [dashboard] [INFO] Test run requested but tests are already running
[2025-07-13T14:51:22.496Z] [SESSION-1752403989990] [dashboard] [INFO] Test run requested but tests are already running
[2025-07-13T14:51:36.848Z] [SESSION-1752403989990] [dashboard] [INFO] Tests completed successfully
[2025-07-13T14:51:43.496Z] [SESSION-1752403989990] [dashboard] [INFO] Running all tests via test_start.js | {"headless":false}
[2025-07-13T14:52:04.495Z] [SESSION-1752403989990] [dashboard] [INFO] Test run requested but tests are already running
[2025-07-13T14:52:24.071Z] [SESSION-1752403989990] [dashboard] [INFO] Test run requested but tests are already running
[2025-07-13T14:52:25.496Z] [SESSION-1752403989990] [dashboard] [INFO] Test run requested but tests are already running
[2025-07-13T14:52:46.495Z] [SESSION-1752403989990] [dashboard] [INFO] Test run requested but tests are already running
[2025-07-13T14:53:07.494Z] [SESSION-1752403989990] [dashboard] [INFO] Test run requested but tests are already running
[2025-07-13T14:53:21.809Z] [SESSION-1752403989990] [dashboard] [INFO] Tests completed successfully
[2025-07-13T14:53:28.497Z] [SESSION-1752403989990] [dashboard] [INFO] Running all tests via test_start.js | {"headless":false}
[2025-07-13T14:53:49.496Z] [SESSION-1752403989990] [dashboard] [INFO] Test run requested but tests are already running
[2025-07-13T14:54:09.023Z] [SESSION-1752403989990] [dashboard] [INFO] Test run requested but tests are already running
[2025-07-13T14:54:10.492Z] [SESSION-1752403989990] [dashboard] [INFO] Test run requested but tests are already running
[2025-07-13T14:54:31.491Z] [SESSION-1752403989990] [dashboard] [INFO] Test run requested but tests are already running
[2025-07-13T14:54:52.496Z] [SESSION-1752403989990] [dashboard] [INFO] Test run requested but tests are already running
[2025-07-13T14:55:06.802Z] [SESSION-1752403989990] [dashboard] [INFO] Tests completed successfully
[2025-07-13T14:55:13.495Z] [SESSION-1752403989990] [dashboard] [INFO] Running all tests via test_start.js | {"headless":false}
[2025-07-13T14:55:34.495Z] [SESSION-1752403989990] [dashboard] [INFO] Test run requested but tests are already running
[2025-07-13T14:55:54.107Z] [SESSION-1752403989990] [dashboard] [INFO] Test run requested but tests are already running
[2025-07-13T14:55:55.494Z] [SESSION-1752403989990] [dashboard] [INFO] Test run requested but tests are already running
[2025-07-13T14:56:16.494Z] [SESSION-1752403989990] [dashboard] [INFO] Test run requested but tests are already running
[2025-07-13T14:56:37.497Z] [SESSION-1752403989990] [dashboard] [INFO] Test run requested but tests are already running
[2025-07-13T14:56:51.834Z] [SESSION-1752403989990] [dashboard] [INFO] Tests completed successfully
[2025-07-13T14:56:58.496Z] [SESSION-1752403989990] [dashboard] [INFO] Running all tests via test_start.js | {"headless":false}
[2025-07-13T14:57:19.495Z] [SESSION-1752403989990] [dashboard] [INFO] Test run requested but tests are already running
[2025-07-13T14:57:38.980Z] [SESSION-1752403989990] [dashboard] [INFO] Test run requested but tests are already running
[2025-07-13T14:57:40.493Z] [SESSION-1752403989990] [dashboard] [INFO] Test run requested but tests are already running
[2025-07-13T14:58:01.492Z] [SESSION-1752403989990] [dashboard] [INFO] Test run requested but tests are already running
[2025-07-13T14:58:22.492Z] [SESSION-1752403989990] [dashboard] [INFO] Test run requested but tests are already running
[2025-07-13T14:58:36.666Z] [SESSION-1752403989990] [dashboard] [INFO] Tests completed successfully
[2025-07-13T14:58:43.495Z] [SESSION-1752403989990] [dashboard] [INFO] Running all tests via test_start.js | {"headless":false}
[2025-07-13T14:59:04.494Z] [SESSION-1752403989990] [dashboard] [INFO] Test run requested but tests are already running
[2025-07-13T14:59:24.033Z] [SESSION-1752403989990] [dashboard] [INFO] Test run requested but tests are already running
[2025-07-13T14:59:25.491Z] [SESSION-1752403989990] [dashboard] [INFO] Test run requested but tests are already running
[2025-07-13T14:59:46.492Z] [SESSION-1752403989990] [dashboard] [INFO] Test run requested but tests are already running
[2025-07-13T15:00:07.492Z] [SESSION-1752403989990] [dashboard] [INFO] Test run requested but tests are already running
[2025-07-13T15:00:21.708Z] [SESSION-1752403989990] [dashboard] [INFO] Tests completed successfully
[2025-07-13T15:00:28.494Z] [SESSION-1752403989990] [dashboard] [INFO] Running all tests via test_start.js | {"headless":false}
[2025-07-13T15:00:49.495Z] [SESSION-1752403989990] [dashboard] [INFO] Test run requested but tests are already running
[2025-07-13T15:01:09.029Z] [SESSION-1752403989990] [dashboard] [INFO] Test run requested but tests are already running
[2025-07-13T15:01:10.495Z] [SESSION-1752403989990] [dashboard] [INFO] Test run requested but tests are already running
[2025-07-13T15:01:31.494Z] [SESSION-1752403989990] [dashboard] [INFO] Test run requested but tests are already running
[2025-07-13T15:01:52.495Z] [SESSION-1752403989990] [dashboard] [INFO] Test run requested but tests are already running
[2025-07-13T15:02:06.736Z] [SESSION-1752403989990] [dashboard] [INFO] Tests completed successfully
[2025-07-13T15:02:13.494Z] [SESSION-1752403989990] [dashboard] [INFO] Running all tests via test_start.js | {"headless":false}
[2025-07-13T15:02:34.495Z] [SESSION-1752403989990] [dashboard] [INFO] Test run requested but tests are already running
[2025-07-13T15:02:54.039Z] [SESSION-1752403989990] [dashboard] [INFO] Test run requested but tests are already running
[2025-07-13T15:02:55.495Z] [SESSION-1752403989990] [dashboard] [INFO] Test run requested but tests are already running
[2025-07-13T15:03:16.495Z] [SESSION-1752403989990] [dashboard] [INFO] Test run requested but tests are already running
[2025-07-13T15:03:37.496Z] [SESSION-1752403989990] [dashboard] [INFO] Test run requested but tests are already running
[2025-07-13T15:03:51.732Z] [SESSION-1752403989990] [dashboard] [INFO] Tests completed successfully
[2025-07-13T15:03:58.494Z] [SESSION-1752403989990] [dashboard] [INFO] Running all tests via test_start.js | {"headless":false}
[2025-07-13T15:04:19.489Z] [SESSION-1752403989990] [dashboard] [INFO] Test run requested but tests are already running
[2025-07-13T15:04:39.017Z] [SESSION-1752403989990] [dashboard] [INFO] Test run requested but tests are already running
[2025-07-13T15:04:40.494Z] [SESSION-1752403989990] [dashboard] [INFO] Test run requested but tests are already running
[2025-07-13T15:05:01.493Z] [SESSION-1752403989990] [dashboard] [INFO] Test run requested but tests are already running
[2025-07-13T15:05:22.495Z] [SESSION-1752403989990] [dashboard] [INFO] Test run requested but tests are already running
[2025-07-13T15:05:36.729Z] [SESSION-1752403989990] [dashboard] [INFO] Tests completed successfully
[2025-07-13T15:05:43.493Z] [SESSION-1752403989990] [dashboard] [INFO] Running all tests via test_start.js | {"headless":false}
[2025-07-13T15:06:04.485Z] [SESSION-1752403989990] [dashboard] [INFO] Test run requested but tests are already running
[2025-07-13T15:06:24.045Z] [SESSION-1752403989990] [dashboard] [INFO] Test run requested but tests are already running
[2025-07-13T15:06:25.495Z] [SESSION-1752403989990] [dashboard] [INFO] Test run requested but tests are already running
[2025-07-13T15:06:46.492Z] [SESSION-1752403989990] [dashboard] [INFO] Test run requested but tests are already running
[2025-07-13T15:07:07.496Z] [SESSION-1752403989990] [dashboard] [INFO] Test run requested but tests are already running
[2025-07-13T15:07:21.741Z] [SESSION-1752403989990] [dashboard] [INFO] Tests completed successfully
[2025-07-13T15:07:28.498Z] [SESSION-1752403989990] [dashboard] [INFO] Running all tests via test_start.js | {"headless":false}
[2025-07-13T15:07:49.496Z] [SESSION-1752403989990] [dashboard] [INFO] Test run requested but tests are already running
[2025-07-13T15:08:09.069Z] [SESSION-1752403989990] [dashboard] [INFO] Test run requested but tests are already running
[2025-07-13T15:08:10.495Z] [SESSION-1752403989990] [dashboard] [INFO] Test run requested but tests are already running
[2025-07-13T15:08:31.495Z] [SESSION-1752403989990] [dashboard] [INFO] Test run requested but tests are already running
[2025-07-13T15:08:52.495Z] [SESSION-1752403989990] [dashboard] [INFO] Test run requested but tests are already running
[2025-07-13T15:09:06.773Z] [SESSION-1752403989990] [dashboard] [INFO] Tests completed successfully
[2025-07-13T15:09:13.494Z] [SESSION-1752403989990] [dashboard] [INFO] Running all tests via test_start.js | {"headless":false}
[2025-07-13T15:09:34.497Z] [SESSION-1752403989990] [dashboard] [INFO] Test run requested but tests are already running
[2025-07-13T15:09:54.076Z] [SESSION-1752403989990] [dashboard] [INFO] Test run requested but tests are already running
[2025-07-13T15:09:55.494Z] [SESSION-1752403989990] [dashboard] [INFO] Test run requested but tests are already running
[2025-07-13T15:10:16.494Z] [SESSION-1752403989990] [dashboard] [INFO] Test run requested but tests are already running
[2025-07-13T15:10:37.494Z] [SESSION-1752403989990] [dashboard] [INFO] Test run requested but tests are already running
[2025-07-13T15:10:51.783Z] [SESSION-1752403989990] [dashboard] [INFO] Tests completed successfully
[2025-07-13T15:10:58.493Z] [SESSION-1752403989990] [dashboard] [INFO] Running all tests via test_start.js | {"headless":false}
[2025-07-13T15:11:19.494Z] [SESSION-1752403989990] [dashboard] [INFO] Test run requested but tests are already running
[2025-07-13T15:11:39.099Z] [SESSION-1752403989990] [dashboard] [INFO] Test run requested but tests are already running
[2025-07-13T15:11:40.493Z] [SESSION-1752403989990] [dashboard] [INFO] Test run requested but tests are already running
[2025-07-13T15:12:01.492Z] [SESSION-1752403989990] [dashboard] [INFO] Test run requested but tests are already running
[2025-07-13T15:12:22.492Z] [SESSION-1752403989990] [dashboard] [INFO] Test run requested but tests are already running
[2025-07-13T15:12:36.807Z] [SESSION-1752403989990] [dashboard] [INFO] Tests completed successfully
[2025-07-13T15:12:43.494Z] [SESSION-1752403989990] [dashboard] [INFO] Running all tests via test_start.js | {"headless":false}
[2025-07-13T15:13:04.491Z] [SESSION-1752403989990] [dashboard] [INFO] Test run requested but tests are already running
[2025-07-13T15:13:24.013Z] [SESSION-1752403989990] [dashboard] [INFO] Test run requested but tests are already running
[2025-07-13T15:13:25.495Z] [SESSION-1752403989990] [dashboard] [INFO] Test run requested but tests are already running
[2025-07-13T15:13:46.493Z] [SESSION-1752403989990] [dashboard] [INFO] Test run requested but tests are already running
[2025-07-13T15:14:07.496Z] [SESSION-1752403989990] [dashboard] [INFO] Test run requested but tests are already running
[2025-07-13T15:14:21.706Z] [SESSION-1752403989990] [dashboard] [INFO] Tests completed successfully
[2025-07-13T15:14:28.495Z] [SESSION-1752403989990] [dashboard] [INFO] Running all tests via test_start.js | {"headless":false}
[2025-07-13T15:14:49.487Z] [SESSION-1752403989990] [dashboard] [INFO] Test run requested but tests are already running
[2025-07-13T15:15:09.081Z] [SESSION-1752403989990] [dashboard] [INFO] Test run requested but tests are already running
[2025-07-13T15:15:10.485Z] [SESSION-1752403989990] [dashboard] [INFO] Test run requested but tests are already running
[2025-07-13T15:15:31.495Z] [SESSION-1752403989990] [dashboard] [INFO] Test run requested but tests are already running
[2025-07-13T15:15:52.494Z] [SESSION-1752403989990] [dashboard] [INFO] Test run requested but tests are already running
[2025-07-13T15:16:06.881Z] [SESSION-1752403989990] [dashboard] [INFO] Tests completed successfully
[2025-07-13T15:16:13.496Z] [SESSION-1752403989990] [dashboard] [INFO] Running all tests via test_start.js | {"headless":false}
[2025-07-13T15:16:34.495Z] [SESSION-1752403989990] [dashboard] [INFO] Test run requested but tests are already running
[2025-07-13T15:16:54.033Z] [SESSION-1752403989990] [dashboard] [INFO] Test run requested but tests are already running
[2025-07-13T15:16:55.493Z] [SESSION-1752403989990] [dashboard] [INFO] Test run requested but tests are already running
[2025-07-13T15:17:16.486Z] [SESSION-1752403989990] [dashboard] [INFO] Test run requested but tests are already running
[2025-07-13T15:17:37.494Z] [SESSION-1752403989990] [dashboard] [INFO] Test run requested but tests are already running
[2025-07-13T15:17:51.710Z] [SESSION-1752403989990] [dashboard] [INFO] Tests completed successfully
[2025-07-13T15:17:58.493Z] [SESSION-1752403989990] [dashboard] [INFO] Running all tests via test_start.js | {"headless":false}
[2025-07-13T15:18:19.494Z] [SESSION-1752403989990] [dashboard] [INFO] Test run requested but tests are already running
[2025-07-13T15:18:39.050Z] [SESSION-1752403989990] [dashboard] [INFO] Test run requested but tests are already running
[2025-07-13T15:18:40.494Z] [SESSION-1752403989990] [dashboard] [INFO] Test run requested but tests are already running
[2025-07-13T15:19:01.480Z] [SESSION-1752403989990] [dashboard] [INFO] Test run requested but tests are already running
[2025-07-13T15:19:22.492Z] [SESSION-1752403989990] [dashboard] [INFO] Test run requested but tests are already running
[2025-07-13T15:19:36.772Z] [SESSION-1752403989990] [dashboard] [INFO] Tests completed successfully
[2025-07-13T15:19:43.494Z] [SESSION-1752403989990] [dashboard] [INFO] Running all tests via test_start.js | {"headless":false}
[2025-07-13T15:20:04.495Z] [SESSION-1752403989990] [dashboard] [INFO] Test run requested but tests are already running
[2025-07-13T15:20:24.064Z] [SESSION-1752403989990] [dashboard] [INFO] Test run requested but tests are already running
[2025-07-13T15:20:25.493Z] [SESSION-1752403989990] [dashboard] [INFO] Test run requested but tests are already running
[2025-07-13T15:20:46.490Z] [SESSION-1752403989990] [dashboard] [INFO] Test run requested but tests are already running
[2025-07-13T15:21:07.494Z] [SESSION-1752403989990] [dashboard] [INFO] Test run requested but tests are already running
[2025-07-13T15:21:21.854Z] [SESSION-1752403989990] [dashboard] [INFO] Tests completed successfully
[2025-07-13T15:21:28.492Z] [SESSION-1752403989990] [dashboard] [INFO] Running all tests via test_start.js | {"headless":false}
[2025-07-13T15:21:49.494Z] [SESSION-1752403989990] [dashboard] [INFO] Test run requested but tests are already running
[2025-07-13T15:22:09.050Z] [SESSION-1752403989990] [dashboard] [INFO] Test run requested but tests are already running
[2025-07-13T15:22:10.491Z] [SESSION-1752403989990] [dashboard] [INFO] Test run requested but tests are already running
[2025-07-13T15:22:31.492Z] [SESSION-1752403989990] [dashboard] [INFO] Test run requested but tests are already running
[2025-07-13T15:22:52.493Z] [SESSION-1752403989990] [dashboard] [INFO] Test run requested but tests are already running
[2025-07-13T15:23:06.777Z] [SESSION-1752403989990] [dashboard] [INFO] Tests completed successfully
[2025-07-13T15:23:13.494Z] [SESSION-1752403989990] [dashboard] [INFO] Running all tests via test_start.js | {"headless":false}
[2025-07-13T15:23:34.493Z] [SESSION-1752403989990] [dashboard] [INFO] Test run requested but tests are already running
[2025-07-13T15:23:54.048Z] [SESSION-1752403989990] [dashboard] [INFO] Test run requested but tests are already running
[2025-07-13T15:23:55.494Z] [SESSION-1752403989990] [dashboard] [INFO] Test run requested but tests are already running
[2025-07-13T15:24:16.492Z] [SESSION-1752403989990] [dashboard] [INFO] Test run requested but tests are already running
[2025-07-13T15:24:37.494Z] [SESSION-1752403989990] [dashboard] [INFO] Test run requested but tests are already running
[2025-07-13T15:24:51.751Z] [SESSION-1752403989990] [dashboard] [INFO] Tests completed successfully
[2025-07-13T15:24:58.495Z] [SESSION-1752403989990] [dashboard] [INFO] Running all tests via test_start.js | {"headless":false}
[2025-07-13T15:25:19.492Z] [SESSION-1752403989990] [dashboard] [INFO] Test run requested but tests are already running
[2025-07-13T15:25:39.057Z] [SESSION-1752403989990] [dashboard] [INFO] Test run requested but tests are already running
[2025-07-13T15:25:40.491Z] [SESSION-1752403989990] [dashboard] [INFO] Test run requested but tests are already running
[2025-07-13T15:26:01.490Z] [SESSION-1752403989990] [dashboard] [INFO] Test run requested but tests are already running
[2025-07-13T15:26:22.493Z] [SESSION-1752403989990] [dashboard] [INFO] Test run requested but tests are already running
[2025-07-13T15:26:36.770Z] [SESSION-1752403989990] [dashboard] [INFO] Tests completed successfully
[2025-07-13T15:26:43.491Z] [SESSION-1752403989990] [dashboard] [INFO] Running all tests via test_start.js | {"headless":false}
[2025-07-13T15:27:04.491Z] [SESSION-1752403989990] [dashboard] [INFO] Test run requested but tests are already running
[2025-07-13T15:27:24.066Z] [SESSION-1752403989990] [dashboard] [INFO] Test run requested but tests are already running
[2025-07-13T15:27:25.491Z] [SESSION-1752403989990] [dashboard] [INFO] Test run requested but tests are already running
[2025-07-13T15:27:46.490Z] [SESSION-1752403989990] [dashboard] [INFO] Test run requested but tests are already running
[2025-07-13T15:28:07.493Z] [SESSION-1752403989990] [dashboard] [INFO] Test run requested but tests are already running
[2025-07-13T15:28:21.762Z] [SESSION-1752403989990] [dashboard] [INFO] Tests completed successfully
[2025-07-13T15:28:28.492Z] [SESSION-1752403989990] [dashboard] [INFO] Running all tests via test_start.js | {"headless":false}
[2025-07-13T15:28:49.493Z] [SESSION-1752403989990] [dashboard] [INFO] Test run requested but tests are already running
[2025-07-13T15:29:09.048Z] [SESSION-1752403989990] [dashboard] [INFO] Test run requested but tests are already running
[2025-07-13T15:29:10.493Z] [SESSION-1752403989990] [dashboard] [INFO] Test run requested but tests are already running
[2025-07-13T15:29:31.493Z] [SESSION-1752403989990] [dashboard] [INFO] Test run requested but tests are already running
[2025-07-13T15:29:52.488Z] [SESSION-1752403989990] [dashboard] [INFO] Test run requested but tests are already running
[2025-07-13T15:30:06.758Z] [SESSION-1752403989990] [dashboard] [INFO] Tests completed successfully
[2025-07-13T15:30:13.494Z] [SESSION-1752403989990] [dashboard] [INFO] Running all tests via test_start.js | {"headless":false}
[2025-07-13T15:30:34.492Z] [SESSION-1752403989990] [dashboard] [INFO] Test run requested but tests are already running
[2025-07-13T15:30:54.025Z] [SESSION-1752403989990] [dashboard] [INFO] Test run requested but tests are already running
[2025-07-13T15:30:55.494Z] [SESSION-1752403989990] [dashboard] [INFO] Test run requested but tests are already running
[2025-07-13T15:31:16.492Z] [SESSION-1752403989990] [dashboard] [INFO] Test run requested but tests are already running
[2025-07-13T15:31:37.493Z] [SESSION-1752403989990] [dashboard] [INFO] Test run requested but tests are already running
[2025-07-13T15:31:51.750Z] [SESSION-1752403989990] [dashboard] [INFO] Tests completed successfully
[2025-07-13T15:31:58.492Z] [SESSION-1752403989990] [dashboard] [INFO] Running all tests via test_start.js | {"headless":false}
[2025-07-13T15:32:19.488Z] [SESSION-1752403989990] [dashboard] [INFO] Test run requested but tests are already running
[2025-07-13T15:32:39.060Z] [SESSION-1752403989990] [dashboard] [INFO] Test run requested but tests are already running
[2025-07-13T15:32:40.491Z] [SESSION-1752403989990] [dashboard] [INFO] Test run requested but tests are already running
[2025-07-13T15:33:01.491Z] [SESSION-1752403989990] [dashboard] [INFO] Test run requested but tests are already running
[2025-07-13T15:33:22.497Z] [SESSION-1752403989990] [dashboard] [INFO] Test run requested but tests are already running
[2025-07-13T15:33:36.771Z] [SESSION-1752403989990] [dashboard] [INFO] Tests completed successfully
[2025-07-13T15:33:43.493Z] [SESSION-1752403989990] [dashboard] [INFO] Running all tests via test_start.js | {"headless":false}
[2025-07-13T15:34:04.493Z] [SESSION-1752403989990] [dashboard] [INFO] Test run requested but tests are already running
[2025-07-13T15:34:24.077Z] [SESSION-1752403989990] [dashboard] [INFO] Test run requested but tests are already running
[2025-07-13T15:34:25.491Z] [SESSION-1752403989990] [dashboard] [INFO] Test run requested but tests are already running
[2025-07-13T15:34:46.489Z] [SESSION-1752403989990] [dashboard] [INFO] Test run requested but tests are already running
[2025-07-13T15:35:07.491Z] [SESSION-1752403989990] [dashboard] [INFO] Test run requested but tests are already running
[2025-07-13T15:35:21.834Z] [SESSION-1752403989990] [dashboard] [INFO] Tests completed successfully
[2025-07-13T15:35:28.493Z] [SESSION-1752403989990] [dashboard] [INFO] Running all tests via test_start.js | {"headless":false}
[2025-07-13T15:35:49.495Z] [SESSION-1752403989990] [dashboard] [INFO] Test run requested but tests are already running
[2025-07-13T15:36:09.008Z] [SESSION-1752403989990] [dashboard] [INFO] Test run requested but tests are already running
[2025-07-13T15:36:10.490Z] [SESSION-1752403989990] [dashboard] [INFO] Test run requested but tests are already running
[2025-07-13T15:36:31.490Z] [SESSION-1752403989990] [dashboard] [INFO] Test run requested but tests are already running
[2025-07-13T15:36:52.490Z] [SESSION-1752403989990] [dashboard] [INFO] Test run requested but tests are already running
[2025-07-13T15:37:06.740Z] [SESSION-1752403989990] [dashboard] [INFO] Tests completed successfully
[2025-07-13T15:37:13.492Z] [SESSION-1752403989990] [dashboard] [INFO] Running all tests via test_start.js | {"headless":false}
[2025-07-13T15:37:34.491Z] [SESSION-1752403989990] [dashboard] [INFO] Test run requested but tests are already running
[2025-07-13T15:37:54.000Z] [SESSION-1752403989990] [dashboard] [INFO] Test run requested but tests are already running
[2025-07-13T15:37:55.491Z] [SESSION-1752403989990] [dashboard] [INFO] Test run requested but tests are already running
[2025-07-13T15:38:16.490Z] [SESSION-1752403989990] [dashboard] [INFO] Test run requested but tests are already running
[2025-07-13T15:38:37.491Z] [SESSION-1752403989990] [dashboard] [INFO] Test run requested but tests are already running
[2025-07-13T15:38:51.687Z] [SESSION-1752403989990] [dashboard] [INFO] Tests completed successfully
[2025-07-13T15:38:58.493Z] [SESSION-1752403989990] [dashboard] [INFO] Running all tests via test_start.js | {"headless":false}
[2025-07-13T15:39:19.492Z] [SESSION-1752403989990] [dashboard] [INFO] Test run requested but tests are already running
[2025-07-13T15:39:39.084Z] [SESSION-1752403989990] [dashboard] [INFO] Test run requested but tests are already running
[2025-07-13T15:39:40.489Z] [SESSION-1752403989990] [dashboard] [INFO] Test run requested but tests are already running
[2025-07-13T15:40:01.482Z] [SESSION-1752403989990] [dashboard] [INFO] Test run requested but tests are already running
[2025-07-13T15:40:22.488Z] [SESSION-1752403989990] [dashboard] [INFO] Test run requested but tests are already running
[2025-07-13T15:40:36.903Z] [SESSION-1752403989990] [dashboard] [INFO] Tests completed successfully
[2025-07-13T15:40:43.487Z] [SESSION-1752403989990] [dashboard] [INFO] Running all tests via test_start.js | {"headless":false}
[2025-07-13T15:41:04.488Z] [SESSION-1752403989990] [dashboard] [INFO] Test run requested but tests are already running
[2025-07-13T15:41:24.014Z] [SESSION-1752403989990] [dashboard] [INFO] Test run requested but tests are already running
[2025-07-13T15:41:25.489Z] [SESSION-1752403989990] [dashboard] [INFO] Test run requested but tests are already running
[2025-07-13T15:41:46.490Z] [SESSION-1752403989990] [dashboard] [INFO] Test run requested but tests are already running
[2025-07-13T15:42:07.480Z] [SESSION-1752403989990] [dashboard] [INFO] Test run requested but tests are already running
[2025-07-13T15:42:21.722Z] [SESSION-1752403989990] [dashboard] [INFO] Tests completed successfully
[2025-07-13T15:42:28.494Z] [SESSION-1752403989990] [dashboard] [INFO] Running all tests via test_start.js | {"headless":false}
[2025-07-13T15:42:49.491Z] [SESSION-1752403989990] [dashboard] [INFO] Test run requested but tests are already running
[2025-07-13T15:43:09.054Z] [SESSION-1752403989990] [dashboard] [INFO] Test run requested but tests are already running
[2025-07-13T15:43:10.491Z] [SESSION-1752403989990] [dashboard] [INFO] Test run requested but tests are already running
[2025-07-13T15:43:31.491Z] [SESSION-1752403989990] [dashboard] [INFO] Test run requested but tests are already running
[2025-07-13T15:43:52.493Z] [SESSION-1752403989990] [dashboard] [INFO] Test run requested but tests are already running
[2025-07-13T15:44:06.764Z] [SESSION-1752403989990] [dashboard] [INFO] Tests completed successfully
[2025-07-13T15:44:13.485Z] [SESSION-1752403989990] [dashboard] [INFO] Running all tests via test_start.js | {"headless":false}
[2025-07-13T15:44:34.490Z] [SESSION-1752403989990] [dashboard] [INFO] Test run requested but tests are already running
[2025-07-13T15:44:54.009Z] [SESSION-1752403989990] [dashboard] [INFO] Test run requested but tests are already running
[2025-07-13T15:44:55.490Z] [SESSION-1752403989990] [dashboard] [INFO] Test run requested but tests are already running
[2025-07-13T15:45:16.489Z] [SESSION-1752403989990] [dashboard] [INFO] Test run requested but tests are already running
[2025-07-13T15:45:37.486Z] [SESSION-1752403989990] [dashboard] [INFO] Test run requested but tests are already running
[2025-07-13T15:45:51.683Z] [SESSION-1752403989990] [dashboard] [INFO] Tests completed successfully
[2025-07-13T15:45:58.499Z] [SESSION-1752403989990] [dashboard] [INFO] Running all tests via test_start.js | {"headless":false}
[2025-07-13T15:46:19.491Z] [SESSION-1752403989990] [dashboard] [INFO] Test run requested but tests are already running
[2025-07-13T15:46:39.021Z] [SESSION-1752403989990] [dashboard] [INFO] Test run requested but tests are already running
[2025-07-13T15:46:40.489Z] [SESSION-1752403989990] [dashboard] [INFO] Test run requested but tests are already running
[2025-07-13T15:47:01.489Z] [SESSION-1752403989990] [dashboard] [INFO] Test run requested but tests are already running
[2025-07-13T15:47:22.487Z] [SESSION-1752403989990] [dashboard] [INFO] Test run requested but tests are already running
[2025-07-13T15:47:36.717Z] [SESSION-1752403989990] [dashboard] [INFO] Tests completed successfully
[2025-07-13T15:47:43.494Z] [SESSION-1752403989990] [dashboard] [INFO] Running all tests via test_start.js | {"headless":false}
[2025-07-13T15:48:04.492Z] [SESSION-1752403989990] [dashboard] [INFO] Test run requested but tests are already running
[2025-07-13T15:48:23.996Z] [SESSION-1752403989990] [dashboard] [INFO] Test run requested but tests are already running
[2025-07-13T15:48:25.495Z] [SESSION-1752403989990] [dashboard] [INFO] Test run requested but tests are already running
[2025-07-13T15:48:46.496Z] [SESSION-1752403989990] [dashboard] [INFO] Test run requested but tests are already running
[2025-07-13T15:49:07.494Z] [SESSION-1752403989990] [dashboard] [INFO] Test run requested but tests are already running
[2025-07-13T15:49:21.684Z] [SESSION-1752403989990] [dashboard] [INFO] Tests completed successfully
[2025-07-13T15:49:28.498Z] [SESSION-1752403989990] [dashboard] [INFO] Running all tests via test_start.js | {"headless":false}
[2025-07-13T15:49:49.494Z] [SESSION-1752403989990] [dashboard] [INFO] Test run requested but tests are already running
[2025-07-13T15:50:09.056Z] [SESSION-1752403989990] [dashboard] [INFO] Test run requested but tests are already running
[2025-07-13T15:50:10.495Z] [SESSION-1752403989990] [dashboard] [INFO] Test run requested but tests are already running
[2025-07-13T15:50:31.497Z] [SESSION-1752403989990] [dashboard] [INFO] Test run requested but tests are already running
[2025-07-13T15:50:52.494Z] [SESSION-1752403989990] [dashboard] [INFO] Test run requested but tests are already running
[2025-07-13T15:51:06.742Z] [SESSION-1752403989990] [dashboard] [INFO] Tests completed successfully
[2025-07-13T15:51:13.497Z] [SESSION-1752403989990] [dashboard] [INFO] Running all tests via test_start.js | {"headless":false}
[2025-07-13T15:51:34.491Z] [SESSION-1752403989990] [dashboard] [INFO] Test run requested but tests are already running
[2025-07-13T15:51:54.045Z] [SESSION-1752403989990] [dashboard] [INFO] Test run requested but tests are already running
[2025-07-13T15:51:55.495Z] [SESSION-1752403989990] [dashboard] [INFO] Test run requested but tests are already running
[2025-07-13T15:52:16.495Z] [SESSION-1752403989990] [dashboard] [INFO] Test run requested but tests are already running
[2025-07-13T15:52:37.495Z] [SESSION-1752403989990] [dashboard] [INFO] Test run requested but tests are already running
[2025-07-13T15:52:51.769Z] [SESSION-1752403989990] [dashboard] [INFO] Tests completed successfully
[2025-07-13T15:52:58.495Z] [SESSION-1752403989990] [dashboard] [INFO] Running all tests via test_start.js | {"headless":false}
[2025-07-13T15:53:19.494Z] [SESSION-1752403989990] [dashboard] [INFO] Test run requested but tests are already running
[2025-07-13T15:53:38.963Z] [SESSION-1752403989990] [dashboard] [INFO] Test run requested but tests are already running
[2025-07-13T15:53:40.495Z] [SESSION-1752403989990] [dashboard] [INFO] Test run requested but tests are already running
[2025-07-13T15:54:01.493Z] [SESSION-1752403989990] [dashboard] [INFO] Test run requested but tests are already running
[2025-07-13T15:54:22.493Z] [SESSION-1752403989990] [dashboard] [INFO] Test run requested but tests are already running
[2025-07-13T15:54:36.666Z] [SESSION-1752403989990] [dashboard] [INFO] Tests completed successfully
[2025-07-13T15:54:43.491Z] [SESSION-1752403989990] [dashboard] [INFO] Running all tests via test_start.js | {"headless":false}
[2025-07-13T15:55:04.496Z] [SESSION-1752403989990] [dashboard] [INFO] Test run requested but tests are already running
[2025-07-13T15:55:23.913Z] [SESSION-1752403989990] [dashboard] [INFO] Test run requested but tests are already running
[2025-07-13T15:55:25.491Z] [SESSION-1752403989990] [dashboard] [INFO] Test run requested but tests are already running
[2025-07-13T15:55:46.495Z] [SESSION-1752403989990] [dashboard] [INFO] Test run requested but tests are already running
[2025-07-13T15:56:07.495Z] [SESSION-1752403989990] [dashboard] [INFO] Test run requested but tests are already running
[2025-07-13T15:56:21.601Z] [SESSION-1752403989990] [dashboard] [INFO] Tests completed successfully
[2025-07-13T15:56:28.498Z] [SESSION-1752403989990] [dashboard] [INFO] Running all tests via test_start.js | {"headless":false}
[2025-07-13T15:56:49.496Z] [SESSION-1752403989990] [dashboard] [INFO] Test run requested but tests are already running
[2025-07-13T15:57:09.045Z] [SESSION-1752403989990] [dashboard] [INFO] Test run requested but tests are already running
[2025-07-13T15:57:10.495Z] [SESSION-1752403989990] [dashboard] [INFO] Test run requested but tests are already running
[2025-07-13T15:57:31.495Z] [SESSION-1752403989990] [dashboard] [INFO] Test run requested but tests are already running
[2025-07-13T15:57:52.496Z] [SESSION-1752403989990] [dashboard] [INFO] Test run requested but tests are already running
[2025-07-13T15:58:06.742Z] [SESSION-1752403989990] [dashboard] [INFO] Tests completed successfully
[2025-07-13T15:58:13.496Z] [SESSION-1752403989990] [dashboard] [INFO] Running all tests via test_start.js | {"headless":false}
[2025-07-13T15:58:34.496Z] [SESSION-1752403989990] [dashboard] [INFO] Test run requested but tests are already running
[2025-07-13T15:58:54.055Z] [SESSION-1752403989990] [dashboard] [INFO] Test run requested but tests are already running
[2025-07-13T15:58:55.495Z] [SESSION-1752403989990] [dashboard] [INFO] Test run requested but tests are already running
[2025-07-13T15:59:16.494Z] [SESSION-1752403989990] [dashboard] [INFO] Test run requested but tests are already running
[2025-07-13T15:59:37.493Z] [SESSION-1752403989990] [dashboard] [INFO] Test run requested but tests are already running
[2025-07-13T15:59:51.794Z] [SESSION-1752403989990] [dashboard] [INFO] Tests completed successfully
[2025-07-13T15:59:58.495Z] [SESSION-1752403989990] [dashboard] [INFO] Running all tests via test_start.js | {"headless":false}
[2025-07-13T16:00:19.493Z] [SESSION-1752403989990] [dashboard] [INFO] Test run requested but tests are already running
[2025-07-13T16:00:39.038Z] [SESSION-1752403989990] [dashboard] [INFO] Test run requested but tests are already running
[2025-07-13T16:00:40.494Z] [SESSION-1752403989990] [dashboard] [INFO] Test run requested but tests are already running
[2025-07-13T16:01:01.495Z] [SESSION-1752403989990] [dashboard] [INFO] Test run requested but tests are already running
[2025-07-13T16:01:22.492Z] [SESSION-1752403989990] [dashboard] [INFO] Test run requested but tests are already running
[2025-07-13T16:01:36.739Z] [SESSION-1752403989990] [dashboard] [INFO] Tests completed successfully
[2025-07-13T16:01:43.496Z] [SESSION-1752403989990] [dashboard] [INFO] Running all tests via test_start.js | {"headless":false}
[2025-07-13T16:02:04.487Z] [SESSION-1752403989990] [dashboard] [INFO] Test run requested but tests are already running
[2025-07-13T16:02:24.092Z] [SESSION-1752403989990] [dashboard] [INFO] Test run requested but tests are already running
[2025-07-13T16:02:25.493Z] [SESSION-1752403989990] [dashboard] [INFO] Test run requested but tests are already running
[2025-07-13T16:02:46.494Z] [SESSION-1752403989990] [dashboard] [INFO] Test run requested but tests are already running
[2025-07-13T16:03:07.498Z] [SESSION-1752403989990] [dashboard] [INFO] Test run requested but tests are already running
[2025-07-13T16:03:21.799Z] [SESSION-1752403989990] [dashboard] [INFO] Tests completed successfully
[2025-07-13T16:03:28.497Z] [SESSION-1752403989990] [dashboard] [INFO] Running all tests via test_start.js | {"headless":false}
[2025-07-13T16:03:49.496Z] [SESSION-1752403989990] [dashboard] [INFO] Test run requested but tests are already running
[2025-07-13T16:04:09.098Z] [SESSION-1752403989990] [dashboard] [INFO] Test run requested but tests are already running
[2025-07-13T16:04:10.498Z] [SESSION-1752403989990] [dashboard] [INFO] Test run requested but tests are already running
[2025-07-13T16:04:31.497Z] [SESSION-1752403989990] [dashboard] [INFO] Test run requested but tests are already running
[2025-07-13T16:04:52.496Z] [SESSION-1752403989990] [dashboard] [INFO] Test run requested but tests are already running
[2025-07-13T16:05:06.882Z] [SESSION-1752403989990] [dashboard] [INFO] Tests completed successfully
[2025-07-13T16:05:13.498Z] [SESSION-1752403989990] [dashboard] [INFO] Running all tests via test_start.js | {"headless":false}
[2025-07-13T16:05:34.497Z] [SESSION-1752403989990] [dashboard] [INFO] Test run requested but tests are already running
[2025-07-13T16:05:54.013Z] [SESSION-1752403989990] [dashboard] [INFO] Test run requested but tests are already running
[2025-07-13T16:05:55.490Z] [SESSION-1752403989990] [dashboard] [INFO] Test run requested but tests are already running
[2025-07-13T16:06:16.494Z] [SESSION-1752403989990] [dashboard] [INFO] Test run requested but tests are already running
[2025-07-13T16:06:37.496Z] [SESSION-1752403989990] [dashboard] [INFO] Test run requested but tests are already running
[2025-07-13T16:06:51.903Z] [SESSION-1752403989990] [dashboard] [INFO] Tests completed successfully
[2025-07-13T16:06:58.496Z] [SESSION-1752403989990] [dashboard] [INFO] Running all tests via test_start.js | {"headless":false}
[2025-07-13T16:07:19.498Z] [SESSION-1752403989990] [dashboard] [INFO] Test run requested but tests are already running
[2025-07-13T16:07:39.030Z] [SESSION-1752403989990] [dashboard] [INFO] Test run requested but tests are already running
[2025-07-13T16:07:40.495Z] [SESSION-1752403989990] [dashboard] [INFO] Test run requested but tests are already running
[2025-07-13T16:08:01.491Z] [SESSION-1752403989990] [dashboard] [INFO] Test run requested but tests are already running
[2025-07-13T16:08:22.494Z] [SESSION-1752403989990] [dashboard] [INFO] Test run requested but tests are already running
[2025-07-13T16:08:36.784Z] [SESSION-1752403989990] [dashboard] [INFO] Tests completed successfully
[2025-07-13T16:08:43.495Z] [SESSION-1752403989990] [dashboard] [INFO] Running all tests via test_start.js | {"headless":false}
[2025-07-13T16:09:04.497Z] [SESSION-1752403989990] [dashboard] [INFO] Test run requested but tests are already running
[2025-07-13T16:09:24.028Z] [SESSION-1752403989990] [dashboard] [INFO] Test run requested but tests are already running
[2025-07-13T16:09:25.497Z] [SESSION-1752403989990] [dashboard] [INFO] Test run requested but tests are already running
[2025-07-13T16:09:46.490Z] [SESSION-1752403989990] [dashboard] [INFO] Test run requested but tests are already running
[2025-07-13T16:10:07.490Z] [SESSION-1752403989990] [dashboard] [INFO] Test run requested but tests are already running
[2025-07-13T16:10:21.906Z] [SESSION-1752403989990] [dashboard] [INFO] Tests completed successfully
[2025-07-13T16:10:28.496Z] [SESSION-1752403989990] [dashboard] [INFO] Running all tests via test_start.js | {"headless":false}
[2025-07-13T16:10:49.496Z] [SESSION-1752403989990] [dashboard] [INFO] Test run requested but tests are already running
[2025-07-13T16:11:09.031Z] [SESSION-1752403989990] [dashboard] [INFO] Test run requested but tests are already running
[2025-07-13T16:11:10.496Z] [SESSION-1752403989990] [dashboard] [INFO] Test run requested but tests are already running
[2025-07-13T16:11:31.493Z] [SESSION-1752403989990] [dashboard] [INFO] Test run requested but tests are already running
[2025-07-13T16:11:52.495Z] [SESSION-1752403989990] [dashboard] [INFO] Test run requested but tests are already running
[2025-07-13T16:12:06.793Z] [SESSION-1752403989990] [dashboard] [INFO] Tests completed successfully
[2025-07-13T16:12:13.497Z] [SESSION-1752403989990] [dashboard] [INFO] Running all tests via test_start.js | {"headless":false}
[2025-07-13T16:12:34.496Z] [SESSION-1752403989990] [dashboard] [INFO] Test run requested but tests are already running
[2025-07-13T16:12:54.042Z] [SESSION-1752403989990] [dashboard] [INFO] Test run requested but tests are already running
[2025-07-13T16:12:55.496Z] [SESSION-1752403989990] [dashboard] [INFO] Test run requested but tests are already running
[2025-07-13T16:13:16.496Z] [SESSION-1752403989990] [dashboard] [INFO] Test run requested but tests are already running
[2025-07-13T16:13:37.496Z] [SESSION-1752403989990] [dashboard] [INFO] Test run requested but tests are already running
[2025-07-13T16:13:51.916Z] [SESSION-1752403989990] [dashboard] [INFO] Tests completed successfully
[2025-07-13T16:13:58.488Z] [SESSION-1752403989990] [dashboard] [INFO] Running all tests via test_start.js | {"headless":false}
[2025-07-13T16:14:19.497Z] [SESSION-1752403989990] [dashboard] [INFO] Test run requested but tests are already running
[2025-07-13T16:14:39.070Z] [SESSION-1752403989990] [dashboard] [INFO] Test run requested but tests are already running
[2025-07-13T16:14:40.497Z] [SESSION-1752403989990] [dashboard] [INFO] Test run requested but tests are already running
[2025-07-13T16:15:01.493Z] [SESSION-1752403989990] [dashboard] [INFO] Test run requested but tests are already running
[2025-07-13T16:15:22.497Z] [SESSION-1752403989990] [dashboard] [INFO] Test run requested but tests are already running
[2025-07-13T16:15:36.826Z] [SESSION-1752403989990] [dashboard] [INFO] Tests completed successfully
[2025-07-13T16:15:43.497Z] [SESSION-1752403989990] [dashboard] [INFO] Running all tests via test_start.js | {"headless":false}
[2025-07-13T16:16:04.494Z] [SESSION-1752403989990] [dashboard] [INFO] Test run requested but tests are already running
[2025-07-13T16:16:24.089Z] [SESSION-1752403989990] [dashboard] [INFO] Test run requested but tests are already running
[2025-07-13T16:16:25.495Z] [SESSION-1752403989990] [dashboard] [INFO] Test run requested but tests are already running
[2025-07-13T16:16:46.496Z] [SESSION-1752403989990] [dashboard] [INFO] Test run requested but tests are already running
[2025-07-13T16:17:07.497Z] [SESSION-1752403989990] [dashboard] [INFO] Test run requested but tests are already running
[2025-07-13T16:17:21.877Z] [SESSION-1752403989990] [dashboard] [INFO] Tests completed successfully
[2025-07-13T16:17:28.497Z] [SESSION-1752403989990] [dashboard] [INFO] Running all tests via test_start.js | {"headless":false}
[2025-07-13T16:17:49.496Z] [SESSION-1752403989990] [dashboard] [INFO] Test run requested but tests are already running
[2025-07-13T16:18:09.100Z] [SESSION-1752403989990] [dashboard] [INFO] Test run requested but tests are already running
[2025-07-13T16:18:10.498Z] [SESSION-1752403989990] [dashboard] [INFO] Test run requested but tests are already running
[2025-07-13T16:18:31.509Z] [SESSION-1752403989990] [dashboard] [INFO] Test run requested but tests are already running
[2025-07-13T16:18:52.514Z] [SESSION-1752403989990] [dashboard] [INFO] Test run requested but tests are already running
[2025-07-13T16:19:06.998Z] [SESSION-1752403989990] [dashboard] [INFO] Tests completed successfully
[2025-07-13T16:19:13.512Z] [SESSION-1752403989990] [dashboard] [INFO] Running all tests via test_start.js | {"headless":false}
[2025-07-13T16:19:34.513Z] [SESSION-1752403989990] [dashboard] [INFO] Test run requested but tests are already running
[2025-07-13T16:19:54.075Z] [SESSION-1752403989990] [dashboard] [INFO] Test run requested but tests are already running
[2025-07-13T16:19:55.515Z] [SESSION-1752403989990] [dashboard] [INFO] Test run requested but tests are already running
[2025-07-13T16:20:16.514Z] [SESSION-1752403989990] [dashboard] [INFO] Test run requested but tests are already running
[2025-07-13T16:20:37.515Z] [SESSION-1752403989990] [dashboard] [INFO] Test run requested but tests are already running
[2025-07-13T16:20:51.834Z] [SESSION-1752403989990] [dashboard] [INFO] Tests completed successfully
[2025-07-13T16:20:58.516Z] [SESSION-1752403989990] [dashboard] [INFO] Running all tests via test_start.js | {"headless":false}
[2025-07-13T16:21:19.504Z] [SESSION-1752403989990] [dashboard] [INFO] Test run requested but tests are already running
[2025-07-13T16:21:39.100Z] [SESSION-1752403989990] [dashboard] [INFO] Test run requested but tests are already running
[2025-07-13T16:21:40.512Z] [SESSION-1752403989990] [dashboard] [INFO] Test run requested but tests are already running
[2025-07-13T16:22:01.514Z] [SESSION-1752403989990] [dashboard] [INFO] Test run requested but tests are already running
[2025-07-13T16:22:22.512Z] [SESSION-1752403989990] [dashboard] [INFO] Test run requested but tests are already running
[2025-07-13T16:22:36.965Z] [SESSION-1752403989990] [dashboard] [INFO] Tests completed successfully
[2025-07-13T16:22:43.510Z] [SESSION-1752403989990] [dashboard] [INFO] Running all tests via test_start.js | {"headless":false}
[2025-07-13T16:23:04.507Z] [SESSION-1752403989990] [dashboard] [INFO] Test run requested but tests are already running
[2025-07-13T16:23:24.079Z] [SESSION-1752403989990] [dashboard] [INFO] Test run requested but tests are already running
[2025-07-13T16:23:25.514Z] [SESSION-1752403989990] [dashboard] [INFO] Test run requested but tests are already running
[2025-07-13T16:23:46.503Z] [SESSION-1752403989990] [dashboard] [INFO] Test run requested but tests are already running
[2025-07-13T16:24:07.515Z] [SESSION-1752403989990] [dashboard] [INFO] Test run requested but tests are already running
[2025-07-13T16:24:21.848Z] [SESSION-1752403989990] [dashboard] [INFO] Tests completed successfully
[2025-07-13T16:24:28.515Z] [SESSION-1752403989990] [dashboard] [INFO] Running all tests via test_start.js | {"headless":false}
[2025-07-13T16:24:49.506Z] [SESSION-1752403989990] [dashboard] [INFO] Test run requested but tests are already running
[2025-07-13T16:25:09.124Z] [SESSION-1752403989990] [dashboard] [INFO] Test run requested but tests are already running
[2025-07-13T16:25:10.509Z] [SESSION-1752403989990] [dashboard] [INFO] Test run requested but tests are already running
[2025-07-13T16:25:31.509Z] [SESSION-1752403989990] [dashboard] [INFO] Test run requested but tests are already running
[2025-07-13T16:25:52.516Z] [SESSION-1752403989990] [dashboard] [INFO] Test run requested but tests are already running
[2025-07-13T16:26:06.895Z] [SESSION-1752403989990] [dashboard] [INFO] Tests completed successfully
[2025-07-13T16:26:13.516Z] [SESSION-1752403989990] [dashboard] [INFO] Running all tests via test_start.js | {"headless":false}
[2025-07-13T16:26:34.508Z] [SESSION-1752403989990] [dashboard] [INFO] Test run requested but tests are already running
[2025-07-13T16:26:54.100Z] [SESSION-1752403989990] [dashboard] [INFO] Test run requested but tests are already running
[2025-07-13T16:26:55.513Z] [SESSION-1752403989990] [dashboard] [INFO] Test run requested but tests are already running
[2025-07-13T16:27:16.516Z] [SESSION-1752403989990] [dashboard] [INFO] Test run requested but tests are already running
[2025-07-13T16:27:37.515Z] [SESSION-1752403989990] [dashboard] [INFO] Test run requested but tests are already running
[2025-07-13T16:27:51.869Z] [SESSION-1752403989990] [dashboard] [INFO] Tests completed successfully
[2025-07-13T16:27:58.502Z] [SESSION-1752403989990] [dashboard] [INFO] Running all tests via test_start.js | {"headless":false}
[2025-07-13T16:28:19.516Z] [SESSION-1752403989990] [dashboard] [INFO] Test run requested but tests are already running
[2025-07-13T16:28:39.067Z] [SESSION-1752403989990] [dashboard] [INFO] Test run requested but tests are already running
[2025-07-13T16:28:40.514Z] [SESSION-1752403989990] [dashboard] [INFO] Test run requested but tests are already running
[2025-07-13T16:29:01.514Z] [SESSION-1752403989990] [dashboard] [INFO] Test run requested but tests are already running
[2025-07-13T16:29:22.516Z] [SESSION-1752403989990] [dashboard] [INFO] Test run requested but tests are already running
[2025-07-13T16:29:36.815Z] [SESSION-1752403989990] [dashboard] [INFO] Tests completed successfully
[2025-07-13T16:29:43.517Z] [SESSION-1752403989990] [dashboard] [INFO] Running all tests via test_start.js | {"headless":false}
[2025-07-13T16:30:04.512Z] [SESSION-1752403989990] [dashboard] [INFO] Test run requested but tests are already running
[2025-07-13T16:30:24.100Z] [SESSION-1752403989990] [dashboard] [INFO] Test run requested but tests are already running
[2025-07-13T16:30:25.516Z] [SESSION-1752403989990] [dashboard] [INFO] Test run requested but tests are already running
[2025-07-13T16:30:46.516Z] [SESSION-1752403989990] [dashboard] [INFO] Test run requested but tests are already running
[2025-07-13T16:31:07.516Z] [SESSION-1752403989990] [dashboard] [INFO] Test run requested but tests are already running
[2025-07-13T16:31:21.867Z] [SESSION-1752403989990] [dashboard] [INFO] Tests completed successfully
[2025-07-13T16:31:28.517Z] [SESSION-1752403989990] [dashboard] [INFO] Running all tests via test_start.js | {"headless":false}
[2025-07-13T16:31:49.516Z] [SESSION-1752403989990] [dashboard] [INFO] Test run requested but tests are already running
[2025-07-13T16:32:09.123Z] [SESSION-1752403989990] [dashboard] [INFO] Test run requested but tests are already running
[2025-07-13T16:32:10.516Z] [SESSION-1752403989990] [dashboard] [INFO] Test run requested but tests are already running
[2025-07-13T16:32:31.516Z] [SESSION-1752403989990] [dashboard] [INFO] Test run requested but tests are already running
[2025-07-13T16:32:52.512Z] [SESSION-1752403989990] [dashboard] [INFO] Test run requested but tests are already running
[2025-07-13T16:33:06.891Z] [SESSION-1752403989990] [dashboard] [INFO] Tests completed successfully
[2025-07-13T16:33:13.518Z] [SESSION-1752403989990] [dashboard] [INFO] Running all tests via test_start.js | {"headless":false}
[2025-07-13T16:33:34.517Z] [SESSION-1752403989990] [dashboard] [INFO] Test run requested but tests are already running
[2025-07-13T16:33:54.045Z] [SESSION-1752403989990] [dashboard] [INFO] Test run requested but tests are already running
[2025-07-13T16:33:55.518Z] [SESSION-1752403989990] [dashboard] [INFO] Test run requested but tests are already running
[2025-07-13T16:34:16.516Z] [SESSION-1752403989990] [dashboard] [INFO] Test run requested but tests are already running
[2025-07-13T16:34:37.516Z] [SESSION-1752403989990] [dashboard] [INFO] Test run requested but tests are already running
[2025-07-13T16:34:51.821Z] [SESSION-1752403989990] [dashboard] [INFO] Tests completed successfully
[2025-07-13T16:34:58.515Z] [SESSION-1752403989990] [dashboard] [INFO] Running all tests via test_start.js | {"headless":false}
[2025-07-13T16:35:19.515Z] [SESSION-1752403989990] [dashboard] [INFO] Test run requested but tests are already running
[2025-07-13T16:35:39.059Z] [SESSION-1752403989990] [dashboard] [INFO] Test run requested but tests are already running
[2025-07-13T16:35:40.517Z] [SESSION-1752403989990] [dashboard] [INFO] Test run requested but tests are already running
[2025-07-13T16:36:01.517Z] [SESSION-1752403989990] [dashboard] [INFO] Test run requested but tests are already running
[2025-07-13T16:36:22.516Z] [SESSION-1752403989990] [dashboard] [INFO] Test run requested but tests are already running
[2025-07-13T16:36:36.806Z] [SESSION-1752403989990] [dashboard] [INFO] Tests completed successfully
[2025-07-13T16:36:43.518Z] [SESSION-1752403989990] [dashboard] [INFO] Running all tests via test_start.js | {"headless":false}
[2025-07-13T16:37:04.517Z] [SESSION-1752403989990] [dashboard] [INFO] Test run requested but tests are already running
[2025-07-13T16:37:24.101Z] [SESSION-1752403989990] [dashboard] [INFO] Test run requested but tests are already running
[2025-07-13T16:37:25.517Z] [SESSION-1752403989990] [dashboard] [INFO] Test run requested but tests are already running
[2025-07-13T16:37:46.511Z] [SESSION-1752403989990] [dashboard] [INFO] Test run requested but tests are already running
[2025-07-13T16:38:07.520Z] [SESSION-1752403989990] [dashboard] [INFO] Test run requested but tests are already running
[2025-07-13T16:38:21.842Z] [SESSION-1752403989990] [dashboard] [INFO] Tests completed successfully
[2025-07-13T16:38:28.518Z] [SESSION-1752403989990] [dashboard] [INFO] Running all tests via test_start.js | {"headless":false}
[2025-07-13T16:38:49.520Z] [SESSION-1752403989990] [dashboard] [INFO] Test run requested but tests are already running
[2025-07-13T16:39:09.107Z] [SESSION-1752403989990] [dashboard] [INFO] Test run requested but tests are already running
[2025-07-13T16:39:10.517Z] [SESSION-1752403989990] [dashboard] [INFO] Test run requested but tests are already running
[2025-07-13T16:39:31.517Z] [SESSION-1752403989990] [dashboard] [INFO] Test run requested but tests are already running
[2025-07-13T16:39:52.517Z] [SESSION-1752403989990] [dashboard] [INFO] Test run requested but tests are already running
[2025-07-13T16:40:06.864Z] [SESSION-1752403989990] [dashboard] [INFO] Tests completed successfully
[2025-07-13T16:40:13.519Z] [SESSION-1752403989990] [dashboard] [INFO] Running all tests via test_start.js | {"headless":false}
[2025-07-13T16:40:34.517Z] [SESSION-1752403989990] [dashboard] [INFO] Test run requested but tests are already running
[2025-07-13T16:40:54.082Z] [SESSION-1752403989990] [dashboard] [INFO] Test run requested but tests are already running
[2025-07-13T16:40:55.521Z] [SESSION-1752403989990] [dashboard] [INFO] Test run requested but tests are already running
[2025-07-13T16:41:16.519Z] [SESSION-1752403989990] [dashboard] [INFO] Test run requested but tests are already running
[2025-07-13T16:41:37.517Z] [SESSION-1752403989990] [dashboard] [INFO] Test run requested but tests are already running
[2025-07-13T16:41:51.827Z] [SESSION-1752403989990] [dashboard] [INFO] Tests completed successfully
[2025-07-13T16:41:58.519Z] [SESSION-1752403989990] [dashboard] [INFO] Running all tests via test_start.js | {"headless":false}
[2025-07-13T16:42:19.519Z] [SESSION-1752403989990] [dashboard] [INFO] Test run requested but tests are already running
[2025-07-13T16:42:39.106Z] [SESSION-1752403989990] [dashboard] [INFO] Test run requested but tests are already running
[2025-07-13T16:42:40.518Z] [SESSION-1752403989990] [dashboard] [INFO] Test run requested but tests are already running
[2025-07-13T16:43:01.518Z] [SESSION-1752403989990] [dashboard] [INFO] Test run requested but tests are already running
[2025-07-13T16:43:22.521Z] [SESSION-1752403989990] [dashboard] [INFO] Test run requested but tests are already running
[2025-07-13T16:43:36.840Z] [SESSION-1752403989990] [dashboard] [INFO] Tests completed successfully
[2025-07-13T16:43:43.518Z] [SESSION-1752403989990] [dashboard] [INFO] Running all tests via test_start.js | {"headless":false}
[2025-07-13T16:44:04.519Z] [SESSION-1752403989990] [dashboard] [INFO] Test run requested but tests are already running
[2025-07-13T16:44:24.114Z] [SESSION-1752403989990] [dashboard] [INFO] Test run requested but tests are already running
[2025-07-13T16:44:25.521Z] [SESSION-1752403989990] [dashboard] [INFO] Test run requested but tests are already running
[2025-07-13T16:44:46.519Z] [SESSION-1752403989990] [dashboard] [INFO] Test run requested but tests are already running
[2025-07-13T16:45:07.521Z] [SESSION-1752403989990] [dashboard] [INFO] Test run requested but tests are already running
[2025-07-13T16:45:21.864Z] [SESSION-1752403989990] [dashboard] [INFO] Tests completed successfully
[2025-07-13T16:45:28.520Z] [SESSION-1752403989990] [dashboard] [INFO] Running all tests via test_start.js | {"headless":false}
[2025-07-13T16:45:49.522Z] [SESSION-1752403989990] [dashboard] [INFO] Test run requested but tests are already running
[2025-07-13T16:46:09.097Z] [SESSION-1752403989990] [dashboard] [INFO] Test run requested but tests are already running
[2025-07-13T16:46:10.522Z] [SESSION-1752403989990] [dashboard] [INFO] Test run requested but tests are already running
[2025-07-13T16:46:31.518Z] [SESSION-1752403989990] [dashboard] [INFO] Test run requested but tests are already running
[2025-07-13T16:46:52.521Z] [SESSION-1752403989990] [dashboard] [INFO] Test run requested but tests are already running
[2025-07-13T16:47:06.858Z] [SESSION-1752403989990] [dashboard] [INFO] Tests completed successfully
[2025-07-13T16:47:13.521Z] [SESSION-1752403989990] [dashboard] [INFO] Running all tests via test_start.js | {"headless":false}
[2025-07-13T16:47:34.521Z] [SESSION-1752403989990] [dashboard] [INFO] Test run requested but tests are already running
[2025-07-13T16:47:54.061Z] [SESSION-1752403989990] [dashboard] [INFO] Test run requested but tests are already running
[2025-07-13T16:47:55.520Z] [SESSION-1752403989990] [dashboard] [INFO] Test run requested but tests are already running
[2025-07-13T16:48:16.520Z] [SESSION-1752403989990] [dashboard] [INFO] Test run requested but tests are already running
[2025-07-13T16:48:37.521Z] [SESSION-1752403989990] [dashboard] [INFO] Test run requested but tests are already running
[2025-07-13T16:48:51.820Z] [SESSION-1752403989990] [dashboard] [INFO] Tests completed successfully
[2025-07-13T16:48:58.520Z] [SESSION-1752403989990] [dashboard] [INFO] Running all tests via test_start.js | {"headless":false}
[2025-07-13T16:49:19.522Z] [SESSION-1752403989990] [dashboard] [INFO] Test run requested but tests are already running
[2025-07-13T16:49:39.019Z] [SESSION-1752403989990] [dashboard] [INFO] Test run requested but tests are already running
[2025-07-13T16:49:40.520Z] [SESSION-1752403989990] [dashboard] [INFO] Test run requested but tests are already running
[2025-07-13T16:50:01.505Z] [SESSION-1752403989990] [dashboard] [INFO] Test run requested but tests are already running
[2025-07-13T16:50:22.501Z] [SESSION-1752403989990] [dashboard] [INFO] Test run requested but tests are already running
[2025-07-13T16:50:36.767Z] [SESSION-1752403989990] [dashboard] [INFO] Tests completed successfully
[2025-07-13T16:50:43.500Z] [SESSION-1752403989990] [dashboard] [INFO] Running all tests via test_start.js | {"headless":false}
[2025-07-13T16:51:04.498Z] [SESSION-1752403989990] [dashboard] [INFO] Test run requested but tests are already running
[2025-07-13T16:51:24.043Z] [SESSION-1752403989990] [dashboard] [INFO] Test run requested but tests are already running
[2025-07-13T16:51:25.501Z] [SESSION-1752403989990] [dashboard] [INFO] Test run requested but tests are already running
[2025-07-13T16:51:46.495Z] [SESSION-1752403989990] [dashboard] [INFO] Test run requested but tests are already running
[2025-07-13T16:52:07.496Z] [SESSION-1752403989990] [dashboard] [INFO] Test run requested but tests are already running
[2025-07-13T16:52:21.808Z] [SESSION-1752403989990] [dashboard] [INFO] Tests completed successfully
[2025-07-13T16:52:28.501Z] [SESSION-1752403989990] [dashboard] [INFO] Running all tests via test_start.js | {"headless":false}
[2025-07-13T16:52:49.493Z] [SESSION-1752403989990] [dashboard] [INFO] Test run requested but tests are already running
[2025-07-13T16:53:09.022Z] [SESSION-1752403989990] [dashboard] [INFO] Test run requested but tests are already running
[2025-07-13T16:53:10.495Z] [SESSION-1752403989990] [dashboard] [INFO] Test run requested but tests are already running
[2025-07-13T16:53:31.500Z] [SESSION-1752403989990] [dashboard] [INFO] Test run requested but tests are already running
[2025-07-13T16:53:52.499Z] [SESSION-1752403989990] [dashboard] [INFO] Test run requested but tests are already running
[2025-07-13T16:54:06.739Z] [SESSION-1752403989990] [dashboard] [INFO] Tests completed successfully
[2025-07-13T16:54:13.497Z] [SESSION-1752403989990] [dashboard] [INFO] Running all tests via test_start.js | {"headless":false}
[2025-07-13T16:54:34.498Z] [SESSION-1752403989990] [dashboard] [INFO] Test run requested but tests are already running
[2025-07-13T16:54:53.986Z] [SESSION-1752403989990] [dashboard] [INFO] Test run requested but tests are already running
[2025-07-13T16:54:55.498Z] [SESSION-1752403989990] [dashboard] [INFO] Test run requested but tests are already running
[2025-07-13T16:55:16.496Z] [SESSION-1752403989990] [dashboard] [INFO] Test run requested but tests are already running
[2025-07-13T16:55:37.495Z] [SESSION-1752403989990] [dashboard] [INFO] Test run requested but tests are already running
[2025-07-13T16:55:51.840Z] [SESSION-1752403989990] [dashboard] [INFO] Tests completed successfully
[2025-07-13T16:55:58.495Z] [SESSION-1752403989990] [dashboard] [INFO] Running all tests via test_start.js | {"headless":false}
[2025-07-13T16:56:19.495Z] [SESSION-1752403989990] [dashboard] [INFO] Test run requested but tests are already running
[2025-07-13T16:56:39.017Z] [SESSION-1752403989990] [dashboard] [INFO] Test run requested but tests are already running
[2025-07-13T16:56:40.499Z] [SESSION-1752403989990] [dashboard] [INFO] Test run requested but tests are already running
[2025-07-13T16:57:01.497Z] [SESSION-1752403989990] [dashboard] [INFO] Test run requested but tests are already running
[2025-07-13T16:57:22.495Z] [SESSION-1752403989990] [dashboard] [INFO] Test run requested but tests are already running
[2025-07-13T16:57:36.780Z] [SESSION-1752403989990] [dashboard] [INFO] Tests completed successfully
[2025-07-13T16:57:43.497Z] [SESSION-1752403989990] [dashboard] [INFO] Running all tests via test_start.js | {"headless":false}
[2025-07-13T16:58:04.493Z] [SESSION-1752403989990] [dashboard] [INFO] Test run requested but tests are already running
[2025-07-13T16:58:24.022Z] [SESSION-1752403989990] [dashboard] [INFO] Test run requested but tests are already running
[2025-07-13T16:58:25.497Z] [SESSION-1752403989990] [dashboard] [INFO] Test run requested but tests are already running
[2025-07-13T16:58:46.493Z] [SESSION-1752403989990] [dashboard] [INFO] Test run requested but tests are already running
[2025-07-13T16:59:07.497Z] [SESSION-1752403989990] [dashboard] [INFO] Test run requested but tests are already running
[2025-07-13T16:59:21.776Z] [SESSION-1752403989990] [dashboard] [INFO] Tests completed successfully
[2025-07-13T16:59:28.498Z] [SESSION-1752403989990] [dashboard] [INFO] Running all tests via test_start.js | {"headless":false}
[2025-07-13T16:59:49.489Z] [SESSION-1752403989990] [dashboard] [INFO] Test run requested but tests are already running
[2025-07-13T17:00:09.047Z] [SESSION-1752403989990] [dashboard] [INFO] Test run requested but tests are already running
[2025-07-13T17:00:10.497Z] [SESSION-1752403989990] [dashboard] [INFO] Test run requested but tests are already running
[2025-07-13T17:00:31.490Z] [SESSION-1752403989990] [dashboard] [INFO] Test run requested but tests are already running
[2025-07-13T17:00:52.497Z] [SESSION-1752403989990] [dashboard] [INFO] Test run requested but tests are already running
[2025-07-13T17:01:06.806Z] [SESSION-1752403989990] [dashboard] [INFO] Tests completed successfully
[2025-07-13T17:01:13.497Z] [SESSION-1752403989990] [dashboard] [INFO] Running all tests via test_start.js | {"headless":false}
[2025-07-13T17:01:34.496Z] [SESSION-1752403989990] [dashboard] [INFO] Test run requested but tests are already running
[2025-07-13T17:01:54.023Z] [SESSION-1752403989990] [dashboard] [INFO] Test run requested but tests are already running
[2025-07-13T17:01:55.497Z] [SESSION-1752403989990] [dashboard] [INFO] Test run requested but tests are already running
[2025-07-13T17:02:16.493Z] [SESSION-1752403989990] [dashboard] [INFO] Test run requested but tests are already running
[2025-07-13T17:02:37.497Z] [SESSION-1752403989990] [dashboard] [INFO] Test run requested but tests are already running
[2025-07-13T17:02:51.756Z] [SESSION-1752403989990] [dashboard] [INFO] Tests completed successfully
[2025-07-13T17:02:58.494Z] [SESSION-1752403989990] [dashboard] [INFO] Running all tests via test_start.js | {"headless":false}
[2025-07-13T17:03:18.532Z] [SESSION-1752403989990] [dashboard] [INFO] Test run requested but tests are already running
[2025-07-13T17:03:38.970Z] [SESSION-1752403989990] [dashboard] [INFO] Test run requested but tests are already running
[2025-07-13T17:03:39.494Z] [SESSION-1752403989990] [dashboard] [INFO] Test run requested but tests are already running
[2025-07-13T17:04:00.496Z] [SESSION-1752403989990] [dashboard] [INFO] Test run requested but tests are already running
[2025-07-13T17:04:21.486Z] [SESSION-1752403989990] [dashboard] [INFO] Test run requested but tests are already running
[2025-07-13T17:04:36.607Z] [SESSION-1752403989990] [dashboard] [INFO] Tests completed successfully
[2025-07-13T17:04:41.516Z] [SESSION-1752403989990] [dashboard] [INFO] Running all tests via test_start.js | {"headless":false}
[2025-07-13T17:05:01.552Z] [SESSION-1752403989990] [dashboard] [INFO] Test run requested but tests are already running
[2025-07-13T17:05:21.582Z] [SESSION-1752403989990] [dashboard] [INFO] Test run requested but tests are already running
[2025-07-13T17:05:21.948Z] [SESSION-1752403989990] [dashboard] [INFO] Test run requested but tests are already running
[2025-07-13T17:05:41.616Z] [SESSION-1752403989990] [dashboard] [INFO] Test run requested but tests are already running
[2025-07-13T17:06:01.643Z] [SESSION-1752403989990] [dashboard] [INFO] Test run requested but tests are already running
[2025-07-13T17:06:19.556Z] [SESSION-1752403989990] [dashboard] [INFO] Tests completed successfully
[2025-07-13T17:06:21.684Z] [SESSION-1752403989990] [dashboard] [INFO] Running all tests via test_start.js | {"headless":false}
[2025-07-13T17:06:41.720Z] [SESSION-1752403989990] [dashboard] [INFO] Test run requested but tests are already running
[2025-07-13T17:07:01.748Z] [SESSION-1752403989990] [dashboard] [INFO] Test run requested but tests are already running
[2025-07-13T17:07:02.214Z] [SESSION-1752403989990] [dashboard] [INFO] Test run requested but tests are already running
[2025-07-13T17:07:21.776Z] [SESSION-1752403989990] [dashboard] [INFO] Test run requested but tests are already running
[2025-07-13T17:07:41.812Z] [SESSION-1752403989990] [dashboard] [INFO] Test run requested but tests are already running
[2025-07-13T17:07:59.852Z] [SESSION-1752403989990] [dashboard] [INFO] Tests completed successfully
[2025-07-13T17:08:01.856Z] [SESSION-1752403989990] [dashboard] [INFO] Running all tests via test_start.js | {"headless":false}
[2025-07-13T17:08:21.894Z] [SESSION-1752403989990] [dashboard] [INFO] Test run requested but tests are already running
[2025-07-13T17:08:41.923Z] [SESSION-1752403989990] [dashboard] [INFO] Test run requested but tests are already running
[2025-07-13T17:08:42.333Z] [SESSION-1752403989990] [dashboard] [INFO] Test run requested but tests are already running
[2025-07-13T17:09:01.952Z] [SESSION-1752403989990] [dashboard] [INFO] Test run requested but tests are already running
[2025-07-13T17:09:21.972Z] [SESSION-1752403989990] [dashboard] [INFO] Test run requested but tests are already running
[2025-07-13T17:09:39.961Z] [SESSION-1752403989990] [dashboard] [INFO] Tests completed successfully
[2025-07-13T17:09:42.015Z] [SESSION-1752403989990] [dashboard] [INFO] Running all tests via test_start.js | {"headless":false}
[2025-07-13T17:10:02.052Z] [SESSION-1752403989990] [dashboard] [INFO] Test run requested but tests are already running
[2025-07-13T17:10:22.088Z] [SESSION-1752403989990] [dashboard] [INFO] Test run requested but tests are already running
[2025-07-13T17:10:22.487Z] [SESSION-1752403989990] [dashboard] [INFO] Test run requested but tests are already running
[2025-07-13T17:10:42.118Z] [SESSION-1752403989990] [dashboard] [INFO] Test run requested but tests are already running
[2025-07-13T17:11:02.147Z] [SESSION-1752403989990] [dashboard] [INFO] Test run requested but tests are already running
[2025-07-13T17:11:20.118Z] [SESSION-1752403989990] [dashboard] [INFO] Tests completed successfully
[2025-07-13T17:11:22.176Z] [SESSION-1752403989990] [dashboard] [INFO] Running all tests via test_start.js | {"headless":false}
[2025-07-13T17:11:42.205Z] [SESSION-1752403989990] [dashboard] [INFO] Test run requested but tests are already running
[2025-07-13T17:12:02.241Z] [SESSION-1752403989990] [dashboard] [INFO] Test run requested but tests are already running
[2025-07-13T17:12:02.710Z] [SESSION-1752403989990] [dashboard] [INFO] Test run requested but tests are already running
[2025-07-13T17:12:22.268Z] [SESSION-1752403989990] [dashboard] [INFO] Test run requested but tests are already running
[2025-07-13T17:12:42.296Z] [SESSION-1752403989990] [dashboard] [INFO] Test run requested but tests are already running
[2025-07-13T17:13:00.394Z] [SESSION-1752403989990] [dashboard] [INFO] Tests completed successfully
[2025-07-13T17:13:02.341Z] [SESSION-1752403989990] [dashboard] [INFO] Running all tests via test_start.js | {"headless":false}
[2025-07-13T17:13:22.376Z] [SESSION-1752403989990] [dashboard] [INFO] Test run requested but tests are already running
[2025-07-13T17:13:42.411Z] [SESSION-1752403989990] [dashboard] [INFO] Test run requested but tests are already running
[2025-07-13T17:13:42.843Z] [SESSION-1752403989990] [dashboard] [INFO] Test run requested but tests are already running
[2025-07-13T17:14:02.438Z] [SESSION-1752403989990] [dashboard] [INFO] Test run requested but tests are already running
[2025-07-13T17:14:22.474Z] [SESSION-1752403989990] [dashboard] [INFO] Test run requested but tests are already running
[2025-07-13T17:14:40.605Z] [SESSION-1752403989990] [dashboard] [INFO] Tests completed successfully
[2025-07-13T17:14:42.516Z] [SESSION-1752403989990] [dashboard] [INFO] Running all tests via test_start.js | {"headless":false}
[2025-07-13T17:15:02.553Z] [SESSION-1752403989990] [dashboard] [INFO] Test run requested but tests are already running
[2025-07-13T17:15:22.580Z] [SESSION-1752403989990] [dashboard] [INFO] Test run requested but tests are already running
[2025-07-13T17:15:23.063Z] [SESSION-1752403989990] [dashboard] [INFO] Test run requested but tests are already running
[2025-07-13T17:15:42.614Z] [SESSION-1752403989990] [dashboard] [INFO] Test run requested but tests are already running
[2025-07-13T17:16:02.651Z] [SESSION-1752403989990] [dashboard] [INFO] Test run requested but tests are already running
[2025-07-13T17:16:20.716Z] [SESSION-1752403989990] [dashboard] [INFO] Tests completed successfully
[2025-07-13T17:16:22.693Z] [SESSION-1752403989990] [dashboard] [INFO] Running all tests via test_start.js | {"headless":false}
[2025-07-13T17:16:42.721Z] [SESSION-1752403989990] [dashboard] [INFO] Test run requested but tests are already running
[2025-07-13T17:17:02.758Z] [SESSION-1752403989990] [dashboard] [INFO] Test run requested but tests are already running
[2025-07-13T17:17:03.253Z] [SESSION-1752403989990] [dashboard] [INFO] Test run requested but tests are already running
[2025-07-13T17:17:22.796Z] [SESSION-1752403989990] [dashboard] [INFO] Test run requested but tests are already running
[2025-07-13T17:17:42.831Z] [SESSION-1752403989990] [dashboard] [INFO] Test run requested but tests are already running
[2025-07-13T17:18:01.060Z] [SESSION-1752403989990] [dashboard] [INFO] Tests completed successfully
[2025-07-13T17:18:02.863Z] [SESSION-1752403989990] [dashboard] [INFO] Running all tests via test_start.js | {"headless":false}
[2025-07-13T17:18:22.891Z] [SESSION-1752403989990] [dashboard] [INFO] Test run requested but tests are already running
[2025-07-13T17:18:42.927Z] [SESSION-1752403989990] [dashboard] [INFO] Test run requested but tests are already running
[2025-07-13T17:18:43.393Z] [SESSION-1752403989990] [dashboard] [INFO] Test run requested but tests are already running
[2025-07-13T17:19:02.962Z] [SESSION-1752403989990] [dashboard] [INFO] Test run requested but tests are already running
[2025-07-13T17:19:22.986Z] [SESSION-1752403989990] [dashboard] [INFO] Test run requested but tests are already running
[2025-07-13T17:19:41.027Z] [SESSION-1752403989990] [dashboard] [INFO] Tests completed successfully
[2025-07-13T17:19:43.032Z] [SESSION-1752403989990] [dashboard] [INFO] Running all tests via test_start.js | {"headless":false}
[2025-07-13T17:20:03.067Z] [SESSION-1752403989990] [dashboard] [INFO] Test run requested but tests are already running
[2025-07-13T17:20:23.102Z] [SESSION-1752403989990] [dashboard] [INFO] Test run requested but tests are already running
[2025-07-13T17:20:23.572Z] [SESSION-1752403989990] [dashboard] [INFO] Test run requested but tests are already running
[2025-07-13T17:20:43.126Z] [SESSION-1752403989990] [dashboard] [INFO] Test run requested but tests are already running
[2025-07-13T17:21:03.162Z] [SESSION-1752403989990] [dashboard] [INFO] Test run requested but tests are already running
[2025-07-13T17:21:21.207Z] [SESSION-1752403989990] [dashboard] [INFO] Tests completed successfully
[2025-07-13T17:21:23.202Z] [SESSION-1752403989990] [dashboard] [INFO] Running all tests via test_start.js | {"headless":false}
[2025-07-13T17:21:43.233Z] [SESSION-1752403989990] [dashboard] [INFO] Test run requested but tests are already running
[2025-07-13T17:22:03.261Z] [SESSION-1752403989990] [dashboard] [INFO] Test run requested but tests are already running
[2025-07-13T17:22:03.729Z] [SESSION-1752403989990] [dashboard] [INFO] Test run requested but tests are already running
[2025-07-13T17:22:23.296Z] [SESSION-1752403989990] [dashboard] [INFO] Test run requested but tests are already running
[2025-07-13T17:22:43.330Z] [SESSION-1752403989990] [dashboard] [INFO] Test run requested but tests are already running
[2025-07-13T17:23:01.393Z] [SESSION-1752403989990] [dashboard] [INFO] Tests completed successfully
[2025-07-13T17:23:03.376Z] [SESSION-1752403989990] [dashboard] [INFO] Running all tests via test_start.js | {"headless":false}
[2025-07-13T17:23:23.405Z] [SESSION-1752403989990] [dashboard] [INFO] Test run requested but tests are already running
[2025-07-13T17:23:43.441Z] [SESSION-1752403989990] [dashboard] [INFO] Test run requested but tests are already running
[2025-07-13T17:23:43.879Z] [SESSION-1752403989990] [dashboard] [INFO] Test run requested but tests are already running
[2025-07-13T17:24:03.474Z] [SESSION-1752403989990] [dashboard] [INFO] Test run requested but tests are already running
[2025-07-13T17:24:23.499Z] [SESSION-1752403989990] [dashboard] [INFO] Test run requested but tests are already running
[2025-07-13T17:24:41.554Z] [SESSION-1752403989990] [dashboard] [INFO] Tests completed successfully
[2025-07-13T17:24:43.537Z] [SESSION-1752403989990] [dashboard] [INFO] Running all tests via test_start.js | {"headless":false}
[2025-07-13T17:25:03.575Z] [SESSION-1752403989990] [dashboard] [INFO] Test run requested but tests are already running
[2025-07-13T17:25:23.615Z] [SESSION-1752403989990] [dashboard] [INFO] Test run requested but tests are already running
[2025-07-13T17:25:24.062Z] [SESSION-1752403989990] [dashboard] [INFO] Test run requested but tests are already running
[2025-07-13T17:25:43.648Z] [SESSION-1752403989990] [dashboard] [INFO] Test run requested but tests are already running
[2025-07-13T17:26:03.688Z] [SESSION-1752403989990] [dashboard] [INFO] Test run requested but tests are already running
[2025-07-13T17:26:21.699Z] [SESSION-1752403989990] [dashboard] [INFO] Tests completed successfully
[2025-07-13T17:26:23.733Z] [SESSION-1752403989990] [dashboard] [INFO] Running all tests via test_start.js | {"headless":false}
[2025-07-13T17:26:44.476Z] [SESSION-1752403989990] [dashboard] [INFO] Test run requested but tests are already running
[2025-07-13T17:27:04.323Z] [SESSION-1752403989990] [dashboard] [INFO] Test run requested but tests are already running
[2025-07-13T17:27:05.488Z] [SESSION-1752403989990] [dashboard] [INFO] Test run requested but tests are already running
[2025-07-13T17:27:26.474Z] [SESSION-1752403989990] [dashboard] [INFO] Test run requested but tests are already running
[2025-07-13T17:27:47.472Z] [SESSION-1752403989990] [dashboard] [INFO] Test run requested but tests are already running
[2025-07-13T17:28:02.006Z] [SESSION-1752403989990] [dashboard] [INFO] Tests completed successfully
[2025-07-13T17:28:08.487Z] [SESSION-1752403989990] [dashboard] [INFO] Running all tests via test_start.js | {"headless":false}
[2025-07-13T17:28:29.486Z] [SESSION-1752403989990] [dashboard] [INFO] Test run requested but tests are already running
[2025-07-13T17:28:49.060Z] [SESSION-1752403989990] [dashboard] [INFO] Test run requested but tests are already running
[2025-07-13T17:28:50.472Z] [SESSION-1752403989990] [dashboard] [INFO] Test run requested but tests are already running
[2025-07-13T17:29:11.486Z] [SESSION-1752403989990] [dashboard] [INFO] Test run requested but tests are already running
[2025-07-13T17:29:32.486Z] [SESSION-1752403989990] [dashboard] [INFO] Test run requested but tests are already running
[2025-07-13T17:29:46.866Z] [SESSION-1752403989990] [dashboard] [INFO] Tests completed successfully
[2025-07-13T17:29:53.485Z] [SESSION-1752403989990] [dashboard] [INFO] Running all tests via test_start.js | {"headless":false}
[2025-07-13T17:30:14.473Z] [SESSION-1752403989990] [dashboard] [INFO] Test run requested but tests are already running
[2025-07-13T17:30:33.984Z] [SESSION-1752403989990] [dashboard] [INFO] Test run requested but tests are already running
[2025-07-13T17:30:35.486Z] [SESSION-1752403989990] [dashboard] [INFO] Test run requested but tests are already running
[2025-07-13T17:30:56.486Z] [SESSION-1752403989990] [dashboard] [INFO] Test run requested but tests are already running
[2025-07-13T17:31:17.485Z] [SESSION-1752403989990] [dashboard] [INFO] Test run requested but tests are already running
[2025-07-13T17:31:31.770Z] [SESSION-1752403989990] [dashboard] [INFO] Tests completed successfully
[2025-07-13T17:31:38.484Z] [SESSION-1752403989990] [dashboard] [INFO] Running all tests via test_start.js | {"headless":false}
[2025-07-13T17:31:59.486Z] [SESSION-1752403989990] [dashboard] [INFO] Test run requested but tests are already running
[2025-07-13T17:32:19.008Z] [SESSION-1752403989990] [dashboard] [INFO] Test run requested but tests are already running
[2025-07-13T17:32:20.487Z] [SESSION-1752403989990] [dashboard] [INFO] Test run requested but tests are already running
[2025-07-13T17:32:41.470Z] [SESSION-1752403989990] [dashboard] [INFO] Test run requested but tests are already running
[2025-07-13T17:33:02.485Z] [SESSION-1752403989990] [dashboard] [INFO] Test run requested but tests are already running
[2025-07-13T17:33:16.690Z] [SESSION-1752403989990] [dashboard] [INFO] Tests completed successfully
[2025-07-13T17:33:23.485Z] [SESSION-1752403989990] [dashboard] [INFO] Running all tests via test_start.js | {"headless":false}
[2025-07-13T17:33:44.472Z] [SESSION-1752403989990] [dashboard] [INFO] Test run requested but tests are already running
[2025-07-13T17:34:03.987Z] [SESSION-1752403989990] [dashboard] [INFO] Test run requested but tests are already running
[2025-07-13T17:34:05.484Z] [SESSION-1752403989990] [dashboard] [INFO] Test run requested but tests are already running
[2025-07-13T17:34:26.483Z] [SESSION-1752403989990] [dashboard] [INFO] Test run requested but tests are already running
[2025-07-13T17:34:47.483Z] [SESSION-1752403989990] [dashboard] [INFO] Test run requested but tests are already running
[2025-07-13T17:35:01.643Z] [SESSION-1752403989990] [dashboard] [INFO] Tests completed successfully
[2025-07-13T17:35:08.472Z] [SESSION-1752403989990] [dashboard] [INFO] Running all tests via test_start.js | {"headless":false}
[2025-07-13T17:35:29.485Z] [SESSION-1752403989990] [dashboard] [INFO] Test run requested but tests are already running
[2025-07-13T17:35:48.968Z] [SESSION-1752403989990] [dashboard] [INFO] Test run requested but tests are already running
[2025-07-13T17:35:50.485Z] [SESSION-1752403989990] [dashboard] [INFO] Test run requested but tests are already running
[2025-07-13T17:36:11.482Z] [SESSION-1752403989990] [dashboard] [INFO] Test run requested but tests are already running
[2025-07-13T17:36:32.492Z] [SESSION-1752403989990] [dashboard] [INFO] Test run requested but tests are already running
[2025-07-13T17:36:46.618Z] [SESSION-1752403989990] [dashboard] [INFO] Tests completed successfully
[2025-07-13T17:36:53.481Z] [SESSION-1752403989990] [dashboard] [INFO] Running all tests via test_start.js | {"headless":false}
[2025-07-13T17:37:14.484Z] [SESSION-1752403989990] [dashboard] [INFO] Test run requested but tests are already running
[2025-07-13T17:37:34.049Z] [SESSION-1752403989990] [dashboard] [INFO] Test run requested but tests are already running
[2025-07-13T17:37:35.471Z] [SESSION-1752403989990] [dashboard] [INFO] Test run requested but tests are already running
[2025-07-13T17:37:56.480Z] [SESSION-1752403989990] [dashboard] [INFO] Test run requested but tests are already running
[2025-07-13T17:38:17.484Z] [SESSION-1752403989990] [dashboard] [INFO] Test run requested but tests are already running
[2025-07-13T17:38:31.716Z] [SESSION-1752403989990] [dashboard] [INFO] Tests completed successfully
[2025-07-13T17:38:38.476Z] [SESSION-1752403989990] [dashboard] [INFO] Running all tests via test_start.js | {"headless":false}
[2025-07-13T17:38:59.469Z] [SESSION-1752403989990] [dashboard] [INFO] Test run requested but tests are already running
[2025-07-13T17:39:19.008Z] [SESSION-1752403989990] [dashboard] [INFO] Test run requested but tests are already running
[2025-07-13T17:39:20.485Z] [SESSION-1752403989990] [dashboard] [INFO] Test run requested but tests are already running
[2025-07-13T17:39:41.485Z] [SESSION-1752403989990] [dashboard] [INFO] Test run requested but tests are already running
[2025-07-13T17:40:02.481Z] [SESSION-1752403989990] [dashboard] [INFO] Test run requested but tests are already running
[2025-07-13T17:40:16.716Z] [SESSION-1752403989990] [dashboard] [INFO] Tests completed successfully
[2025-07-13T17:40:23.483Z] [SESSION-1752403989990] [dashboard] [INFO] Running all tests via test_start.js | {"headless":false}
[2025-07-13T17:40:44.484Z] [SESSION-1752403989990] [dashboard] [INFO] Test run requested but tests are already running
[2025-07-13T17:41:04.035Z] [SESSION-1752403989990] [dashboard] [INFO] Test run requested but tests are already running
[2025-07-13T17:41:05.483Z] [SESSION-1752403989990] [dashboard] [INFO] Test run requested but tests are already running
[2025-07-13T17:41:26.483Z] [SESSION-1752403989990] [dashboard] [INFO] Test run requested but tests are already running
[2025-07-13T17:41:47.481Z] [SESSION-1752403989990] [dashboard] [INFO] Test run requested but tests are already running
[2025-07-13T17:42:01.739Z] [SESSION-1752403989990] [dashboard] [INFO] Tests completed successfully
[2025-07-13T17:42:08.483Z] [SESSION-1752403989990] [dashboard] [INFO] Running all tests via test_start.js | {"headless":false}
[2025-07-13T17:42:29.483Z] [SESSION-1752403989990] [dashboard] [INFO] Test run requested but tests are already running
[2025-07-13T17:42:49.017Z] [SESSION-1752403989990] [dashboard] [INFO] Test run requested but tests are already running
[2025-07-13T17:42:50.483Z] [SESSION-1752403989990] [dashboard] [INFO] Test run requested but tests are already running
[2025-07-13T17:43:11.483Z] [SESSION-1752403989990] [dashboard] [INFO] Test run requested but tests are already running
[2025-07-13T17:43:32.488Z] [SESSION-1752403989990] [dashboard] [INFO] Test run requested but tests are already running
[2025-07-13T17:43:46.728Z] [SESSION-1752403989990] [dashboard] [INFO] Tests completed successfully
[2025-07-13T17:43:53.482Z] [SESSION-1752403989990] [dashboard] [INFO] Running all tests via test_start.js | {"headless":false}
[2025-07-13T17:44:14.481Z] [SESSION-1752403989990] [dashboard] [INFO] Test run requested but tests are already running
[2025-07-13T17:44:34.083Z] [SESSION-1752403989990] [dashboard] [INFO] Test run requested but tests are already running
[2025-07-13T17:44:35.482Z] [SESSION-1752403989990] [dashboard] [INFO] Test run requested but tests are already running
[2025-07-13T17:44:56.483Z] [SESSION-1752403989990] [dashboard] [INFO] Test run requested but tests are already running
[2025-07-13T17:45:17.483Z] [SESSION-1752403989990] [dashboard] [INFO] Test run requested but tests are already running
[2025-07-13T17:45:31.771Z] [SESSION-1752403989990] [dashboard] [INFO] Tests completed successfully
[2025-07-13T17:45:38.482Z] [SESSION-1752403989990] [dashboard] [INFO] Running all tests via test_start.js | {"headless":false}
[2025-07-13T17:45:59.482Z] [SESSION-1752403989990] [dashboard] [INFO] Test run requested but tests are already running
[2025-07-13T17:46:19.090Z] [SESSION-1752403989990] [dashboard] [INFO] Test run requested but tests are already running
[2025-07-13T17:46:20.482Z] [SESSION-1752403989990] [dashboard] [INFO] Test run requested but tests are already running
[2025-07-13T17:46:41.481Z] [SESSION-1752403989990] [dashboard] [INFO] Test run requested but tests are already running
[2025-07-13T17:47:02.483Z] [SESSION-1752403989990] [dashboard] [INFO] Test run requested but tests are already running
[2025-07-13T17:47:16.803Z] [SESSION-1752403989990] [dashboard] [INFO] Tests completed successfully
[2025-07-13T17:47:23.481Z] [SESSION-1752403989990] [dashboard] [INFO] Running all tests via test_start.js | {"headless":false}
[2025-07-13T17:47:44.481Z] [SESSION-1752403989990] [dashboard] [INFO] Test run requested but tests are already running
[2025-07-13T17:48:04.095Z] [SESSION-1752403989990] [dashboard] [INFO] Test run requested but tests are already running
[2025-07-13T17:48:05.481Z] [SESSION-1752403989990] [dashboard] [INFO] Test run requested but tests are already running
[2025-07-13T17:48:26.483Z] [SESSION-1752403989990] [dashboard] [INFO] Test run requested but tests are already running
[2025-07-13T17:48:47.482Z] [SESSION-1752403989990] [dashboard] [INFO] Test run requested but tests are already running
[2025-07-13T17:49:01.925Z] [SESSION-1752403989990] [dashboard] [INFO] Tests completed successfully
[2025-07-13T17:49:08.480Z] [SESSION-1752403989990] [dashboard] [INFO] Running all tests via test_start.js | {"headless":false}
[2025-07-13T17:49:29.481Z] [SESSION-1752403989990] [dashboard] [INFO] Test run requested but tests are already running
[2025-07-13T17:49:49.014Z] [SESSION-1752403989990] [dashboard] [INFO] Test run requested but tests are already running
[2025-07-13T17:49:50.482Z] [SESSION-1752403989990] [dashboard] [INFO] Test run requested but tests are already running
[2025-07-13T17:50:11.482Z] [SESSION-1752403989990] [dashboard] [INFO] Test run requested but tests are already running
[2025-07-13T17:50:32.469Z] [SESSION-1752403989990] [dashboard] [INFO] Test run requested but tests are already running
[2025-07-13T17:50:46.714Z] [SESSION-1752403989990] [dashboard] [INFO] Tests completed successfully
[2025-07-13T17:50:53.483Z] [SESSION-1752403989990] [dashboard] [INFO] Running all tests via test_start.js | {"headless":false}
[2025-07-13T17:51:14.481Z] [SESSION-1752403989990] [dashboard] [INFO] Test run requested but tests are already running
[2025-07-13T17:51:34.039Z] [SESSION-1752403989990] [dashboard] [INFO] Test run requested but tests are already running
[2025-07-13T17:51:35.481Z] [SESSION-1752403989990] [dashboard] [INFO] Test run requested but tests are already running
[2025-07-13T17:51:56.481Z] [SESSION-1752403989990] [dashboard] [INFO] Test run requested but tests are already running
[2025-07-13T17:52:17.480Z] [SESSION-1752403989990] [dashboard] [INFO] Test run requested but tests are already running
[2025-07-13T17:52:31.738Z] [SESSION-1752403989990] [dashboard] [INFO] Tests completed successfully
[2025-07-13T17:52:38.477Z] [SESSION-1752403989990] [dashboard] [INFO] Running all tests via test_start.js | {"headless":false}
[2025-07-13T17:52:59.479Z] [SESSION-1752403989990] [dashboard] [INFO] Test run requested but tests are already running
[2025-07-13T17:53:19.012Z] [SESSION-1752403989990] [dashboard] [INFO] Test run requested but tests are already running
[2025-07-13T17:53:20.479Z] [SESSION-1752403989990] [dashboard] [INFO] Test run requested but tests are already running
[2025-07-13T17:53:41.479Z] [SESSION-1752403989990] [dashboard] [INFO] Test run requested but tests are already running
[2025-07-13T17:54:02.479Z] [SESSION-1752403989990] [dashboard] [INFO] Test run requested but tests are already running
[2025-07-13T17:54:16.806Z] [SESSION-1752403989990] [dashboard] [INFO] Tests completed successfully
[2025-07-13T17:54:23.479Z] [SESSION-1752403989990] [dashboard] [INFO] Running all tests via test_start.js | {"headless":false}
[2025-07-13T17:54:44.477Z] [SESSION-1752403989990] [dashboard] [INFO] Test run requested but tests are already running
[2025-07-13T17:55:04.026Z] [SESSION-1752403989990] [dashboard] [INFO] Test run requested but tests are already running
[2025-07-13T17:55:05.478Z] [SESSION-1752403989990] [dashboard] [INFO] Test run requested but tests are already running
[2025-07-13T17:55:26.478Z] [SESSION-1752403989990] [dashboard] [INFO] Test run requested but tests are already running
[2025-07-13T17:55:47.477Z] [SESSION-1752403989990] [dashboard] [INFO] Test run requested but tests are already running
[2025-07-13T17:56:01.745Z] [SESSION-1752403989990] [dashboard] [INFO] Tests completed successfully
[2025-07-13T17:56:08.477Z] [SESSION-1752403989990] [dashboard] [INFO] Running all tests via test_start.js | {"headless":false}
[2025-07-13T17:56:29.478Z] [SESSION-1752403989990] [dashboard] [INFO] Test run requested but tests are already running
[2025-07-13T17:56:49.041Z] [SESSION-1752403989990] [dashboard] [INFO] Test run requested but tests are already running
[2025-07-13T17:56:50.478Z] [SESSION-1752403989990] [dashboard] [INFO] Test run requested but tests are already running
[2025-07-13T17:57:11.476Z] [SESSION-1752403989990] [dashboard] [INFO] Test run requested but tests are already running
[2025-07-13T17:57:32.481Z] [SESSION-1752403989990] [dashboard] [INFO] Test run requested but tests are already running
[2025-07-13T17:57:46.738Z] [SESSION-1752403989990] [dashboard] [INFO] Tests completed successfully
[2025-07-13T17:57:53.477Z] [SESSION-1752403989990] [dashboard] [INFO] Running all tests via test_start.js | {"headless":false}
[2025-07-13T17:58:14.479Z] [SESSION-1752403989990] [dashboard] [INFO] Test run requested but tests are already running
[2025-07-13T17:58:34.065Z] [SESSION-1752403989990] [dashboard] [INFO] Test run requested but tests are already running
[2025-07-13T17:58:35.477Z] [SESSION-1752403989990] [dashboard] [INFO] Test run requested but tests are already running
[2025-07-13T17:58:56.476Z] [SESSION-1752403989990] [dashboard] [INFO] Test run requested but tests are already running
[2025-07-13T17:59:17.476Z] [SESSION-1752403989990] [dashboard] [INFO] Test run requested but tests are already running
[2025-07-13T17:59:31.794Z] [SESSION-1752403989990] [dashboard] [INFO] Tests completed successfully
[2025-07-13T17:59:38.476Z] [SESSION-1752403989990] [dashboard] [INFO] Running all tests via test_start.js | {"headless":false}
[2025-07-13T17:59:59.476Z] [SESSION-1752403989990] [dashboard] [INFO] Test run requested but tests are already running
[2025-07-13T18:00:19.071Z] [SESSION-1752403989990] [dashboard] [INFO] Test run requested but tests are already running
[2025-07-13T18:00:20.476Z] [SESSION-1752403989990] [dashboard] [INFO] Test run requested but tests are already running
[2025-07-13T18:00:41.466Z] [SESSION-1752403989990] [dashboard] [INFO] Test run requested but tests are already running
[2025-07-13T18:01:02.474Z] [SESSION-1752403989990] [dashboard] [INFO] Test run requested but tests are already running
[2025-07-13T18:01:16.774Z] [SESSION-1752403989990] [dashboard] [INFO] Tests completed successfully
[2025-07-13T18:01:23.469Z] [SESSION-1752403989990] [dashboard] [INFO] Running all tests via test_start.js | {"headless":false}
[2025-07-13T18:01:44.475Z] [SESSION-1752403989990] [dashboard] [INFO] Test run requested but tests are already running
[2025-07-13T18:02:04.048Z] [SESSION-1752403989990] [dashboard] [INFO] Test run requested but tests are already running
[2025-07-13T18:02:05.475Z] [SESSION-1752403989990] [dashboard] [INFO] Test run requested but tests are already running
[2025-07-13T18:02:26.475Z] [SESSION-1752403989990] [dashboard] [INFO] Test run requested but tests are already running
[2025-07-13T18:02:47.474Z] [SESSION-1752403989990] [dashboard] [INFO] Test run requested but tests are already running
[2025-07-13T18:03:01.782Z] [SESSION-1752403989990] [dashboard] [INFO] Tests completed successfully
[2025-07-13T18:03:08.476Z] [SESSION-1752403989990] [dashboard] [INFO] Running all tests via test_start.js | {"headless":false}
[2025-07-13T18:03:29.474Z] [SESSION-1752403989990] [dashboard] [INFO] Test run requested but tests are already running
[2025-07-13T18:03:49.061Z] [SESSION-1752403989990] [dashboard] [INFO] Test run requested but tests are already running
[2025-07-13T18:03:50.476Z] [SESSION-1752403989990] [dashboard] [INFO] Test run requested but tests are already running
[2025-07-13T18:04:11.474Z] [SESSION-1752403989990] [dashboard] [INFO] Test run requested but tests are already running
[2025-07-13T18:04:32.476Z] [SESSION-1752403989990] [dashboard] [INFO] Test run requested but tests are already running
[2025-07-13T18:04:46.864Z] [SESSION-1752403989990] [dashboard] [INFO] Tests completed successfully
[2025-07-13T18:04:53.474Z] [SESSION-1752403989990] [dashboard] [INFO] Running all tests via test_start.js | {"headless":false}
[2025-07-13T18:05:14.475Z] [SESSION-1752403989990] [dashboard] [INFO] Test run requested but tests are already running
[2025-07-13T18:05:34.060Z] [SESSION-1752403989990] [dashboard] [INFO] Test run requested but tests are already running
[2025-07-13T18:05:35.474Z] [SESSION-1752403989990] [dashboard] [INFO] Test run requested but tests are already running
[2025-07-13T18:05:56.475Z] [SESSION-1752403989990] [dashboard] [INFO] Test run requested but tests are already running
[2025-07-13T18:06:17.474Z] [SESSION-1752403989990] [dashboard] [INFO] Test run requested but tests are already running
[2025-07-13T18:06:31.774Z] [SESSION-1752403989990] [dashboard] [INFO] Tests completed successfully
[2025-07-13T18:06:38.472Z] [SESSION-1752403989990] [dashboard] [INFO] Running all tests via test_start.js | {"headless":false}
[2025-07-13T18:06:59.475Z] [SESSION-1752403989990] [dashboard] [INFO] Test run requested but tests are already running
[2025-07-13T18:07:19.065Z] [SESSION-1752403989990] [dashboard] [INFO] Test run requested but tests are already running
[2025-07-13T18:07:20.473Z] [SESSION-1752403989990] [dashboard] [INFO] Test run requested but tests are already running
[2025-07-13T18:07:41.473Z] [SESSION-1752403989990] [dashboard] [INFO] Test run requested but tests are already running
[2025-07-13T18:08:02.474Z] [SESSION-1752403989990] [dashboard] [INFO] Test run requested but tests are already running
[2025-07-13T18:08:16.778Z] [SESSION-1752403989990] [dashboard] [INFO] Tests completed successfully
[2025-07-13T18:08:23.473Z] [SESSION-1752403989990] [dashboard] [INFO] Running all tests via test_start.js | {"headless":false}
[2025-07-13T18:08:44.474Z] [SESSION-1752403989990] [dashboard] [INFO] Test run requested but tests are already running
[2025-07-13T18:09:04.058Z] [SESSION-1752403989990] [dashboard] [INFO] Test run requested but tests are already running
[2025-07-13T18:09:05.475Z] [SESSION-1752403989990] [dashboard] [INFO] Test run requested but tests are already running
[2025-07-13T18:09:26.473Z] [SESSION-1752403989990] [dashboard] [INFO] Test run requested but tests are already running
[2025-07-13T18:09:47.473Z] [SESSION-1752403989990] [dashboard] [INFO] Test run requested but tests are already running
[2025-07-13T18:10:01.874Z] [SESSION-1752403989990] [dashboard] [INFO] Tests completed successfully
[2025-07-13T18:10:08.474Z] [SESSION-1752403989990] [dashboard] [INFO] Running all tests via test_start.js | {"headless":false}
[2025-07-13T18:10:29.473Z] [SESSION-1752403989990] [dashboard] [INFO] Test run requested but tests are already running
[2025-07-13T18:10:49.071Z] [SESSION-1752403989990] [dashboard] [INFO] Test run requested but tests are already running
[2025-07-13T18:10:50.474Z] [SESSION-1752403989990] [dashboard] [INFO] Test run requested but tests are already running
[2025-07-13T18:11:11.473Z] [SESSION-1752403989990] [dashboard] [INFO] Test run requested but tests are already running
[2025-07-13T18:11:32.475Z] [SESSION-1752403989990] [dashboard] [INFO] Test run requested but tests are already running
[2025-07-13T18:11:46.761Z] [SESSION-1752403989990] [dashboard] [INFO] Tests completed successfully
[2025-07-13T18:11:53.470Z] [SESSION-1752403989990] [dashboard] [INFO] Running all tests via test_start.js | {"headless":false}
[2025-07-13T18:12:14.471Z] [SESSION-1752403989990] [dashboard] [INFO] Test run requested but tests are already running
[2025-07-13T18:12:34.120Z] [SESSION-1752403989990] [dashboard] [INFO] Test run requested but tests are already running
[2025-07-13T18:12:35.467Z] [SESSION-1752403989990] [dashboard] [INFO] Test run requested but tests are already running
[2025-07-13T18:12:56.469Z] [SESSION-1752403989990] [dashboard] [INFO] Test run requested but tests are already running
[2025-07-13T18:13:17.471Z] [SESSION-1752403989990] [dashboard] [INFO] Test run requested but tests are already running
[2025-07-13T18:13:31.925Z] [SESSION-1752403989990] [dashboard] [INFO] Tests completed successfully
[2025-07-13T18:13:38.470Z] [SESSION-1752403989990] [dashboard] [INFO] Running all tests via test_start.js | {"headless":false}
[2025-07-13T18:13:59.471Z] [SESSION-1752403989990] [dashboard] [INFO] Test run requested but tests are already running
[2025-07-13T18:14:19.055Z] [SESSION-1752403989990] [dashboard] [INFO] Test run requested but tests are already running
[2025-07-13T18:14:20.472Z] [SESSION-1752403989990] [dashboard] [INFO] Test run requested but tests are already running
[2025-07-13T18:14:41.471Z] [SESSION-1752403989990] [dashboard] [INFO] Test run requested but tests are already running
[2025-07-13T18:15:02.472Z] [SESSION-1752403989990] [dashboard] [INFO] Test run requested but tests are already running
[2025-07-13T18:15:16.879Z] [SESSION-1752403989990] [dashboard] [INFO] Tests completed successfully
[2025-07-13T18:15:23.471Z] [SESSION-1752403989990] [dashboard] [INFO] Running all tests via test_start.js | {"headless":false}
[2025-07-13T18:15:44.472Z] [SESSION-1752403989990] [dashboard] [INFO] Test run requested but tests are already running
[2025-07-13T18:16:04.047Z] [SESSION-1752403989990] [dashboard] [INFO] Test run requested but tests are already running
[2025-07-13T18:16:05.470Z] [SESSION-1752403989990] [dashboard] [INFO] Test run requested but tests are already running
[2025-07-13T18:16:26.471Z] [SESSION-1752403989990] [dashboard] [INFO] Test run requested but tests are already running
[2025-07-13T18:16:47.471Z] [SESSION-1752403989990] [dashboard] [INFO] Test run requested but tests are already running
[2025-07-13T18:17:01.755Z] [SESSION-1752403989990] [dashboard] [INFO] Tests completed successfully
[2025-07-13T18:17:08.470Z] [SESSION-1752403989990] [dashboard] [INFO] Running all tests via test_start.js | {"headless":false}
[2025-07-13T18:17:29.471Z] [SESSION-1752403989990] [dashboard] [INFO] Test run requested but tests are already running
[2025-07-13T18:17:49.057Z] [SESSION-1752403989990] [dashboard] [INFO] Test run requested but tests are already running
[2025-07-13T18:17:50.469Z] [SESSION-1752403989990] [dashboard] [INFO] Test run requested but tests are already running
[2025-07-13T18:18:11.469Z] [SESSION-1752403989990] [dashboard] [INFO] Test run requested but tests are already running
[2025-07-13T18:18:32.470Z] [SESSION-1752403989990] [dashboard] [INFO] Test run requested but tests are already running
[2025-07-13T18:18:46.799Z] [SESSION-1752403989990] [dashboard] [INFO] Tests completed successfully
[2025-07-13T18:18:53.469Z] [SESSION-1752403989990] [dashboard] [INFO] Running all tests via test_start.js | {"headless":false}
[2025-07-13T18:19:14.471Z] [SESSION-1752403989990] [dashboard] [INFO] Test run requested but tests are already running
[2025-07-13T18:19:34.004Z] [SESSION-1752403989990] [dashboard] [INFO] Test run requested but tests are already running
[2025-07-13T18:19:35.469Z] [SESSION-1752403989990] [dashboard] [INFO] Test run requested but tests are already running
[2025-07-13T18:19:56.466Z] [SESSION-1752403989990] [dashboard] [INFO] Test run requested but tests are already running
[2025-07-13T18:20:16.496Z] [SESSION-1752403989990] [dashboard] [INFO] Test run requested but tests are already running
[2025-07-13T18:20:31.756Z] [SESSION-1752403989990] [dashboard] [INFO] Tests completed successfully
[2025-07-13T18:20:36.528Z] [SESSION-1752403989990] [dashboard] [INFO] Running all tests via test_start.js | {"headless":false}
[2025-07-13T18:20:56.563Z] [SESSION-1752403989990] [dashboard] [INFO] Test run requested but tests are already running
[2025-07-13T18:21:16.595Z] [SESSION-1752403989990] [dashboard] [INFO] Test run requested but tests are already running
[2025-07-13T18:21:16.983Z] [SESSION-1752403989990] [dashboard] [INFO] Test run requested but tests are already running
[2025-07-13T18:21:36.636Z] [SESSION-1752403989990] [dashboard] [INFO] Test run requested but tests are already running
[2025-07-13T18:21:56.662Z] [SESSION-1752403989990] [dashboard] [INFO] Test run requested but tests are already running
[2025-07-13T18:22:14.597Z] [SESSION-1752403989990] [dashboard] [INFO] Tests completed successfully
[2025-07-13T18:22:16.680Z] [SESSION-1752403989990] [dashboard] [INFO] Running all tests via test_start.js | {"headless":false}
[2025-07-13T18:22:36.713Z] [SESSION-1752403989990] [dashboard] [INFO] Test run requested but tests are already running
[2025-07-13T18:22:56.749Z] [SESSION-1752403989990] [dashboard] [INFO] Test run requested but tests are already running
[2025-07-13T18:22:57.251Z] [SESSION-1752403989990] [dashboard] [INFO] Test run requested but tests are already running
[2025-07-13T18:23:16.784Z] [SESSION-1752403989990] [dashboard] [INFO] Test run requested but tests are already running
[2025-07-13T18:23:36.810Z] [SESSION-1752403989990] [dashboard] [INFO] Test run requested but tests are already running
[2025-07-13T18:23:54.837Z] [SESSION-1752403989990] [dashboard] [INFO] Tests completed successfully
[2025-07-13T18:23:56.837Z] [SESSION-1752403989990] [dashboard] [INFO] Running all tests via test_start.js | {"headless":false}
[2025-07-13T18:24:16.870Z] [SESSION-1752403989990] [dashboard] [INFO] Test run requested but tests are already running
[2025-07-13T18:24:36.905Z] [SESSION-1752403989990] [dashboard] [INFO] Test run requested but tests are already running
[2025-07-13T18:24:37.184Z] [SESSION-1752403989990] [dashboard] [INFO] Test run requested but tests are already running
[2025-07-13T18:24:56.945Z] [SESSION-1752403989990] [dashboard] [INFO] Test run requested but tests are already running
[2025-07-13T18:25:16.971Z] [SESSION-1752403989990] [dashboard] [INFO] Test run requested but tests are already running
[2025-07-13T18:25:34.773Z] [SESSION-1752403989990] [dashboard] [INFO] Tests completed successfully
[2025-07-13T18:25:37.008Z] [SESSION-1752403989990] [dashboard] [INFO] Running all tests via test_start.js | {"headless":true}
[2025-07-13T18:25:57.048Z] [SESSION-1752403989990] [dashboard] [INFO] Test run requested but tests are already running
[2025-07-13T18:26:17.079Z] [SESSION-1752403989990] [dashboard] [INFO] Test run requested but tests are already running
[2025-07-13T18:26:17.272Z] [SESSION-1752403989990] [dashboard] [INFO] Test run requested but tests are already running
[2025-07-13T18:26:37.113Z] [SESSION-1752403989990] [dashboard] [INFO] Test run requested but tests are already running
[2025-07-13T18:26:57.142Z] [SESSION-1752403989990] [dashboard] [INFO] Test run requested but tests are already running
[2025-07-13T18:27:14.948Z] [SESSION-1752403989990] [dashboard] [INFO] Tests completed successfully
[2025-07-13T18:27:17.158Z] [SESSION-1752403989990] [dashboard] [INFO] Running all tests via test_start.js | {"headless":true}
[2025-07-13T18:27:37.198Z] [SESSION-1752403989990] [dashboard] [INFO] Test run requested but tests are already running
[2025-07-13T18:27:57.229Z] [SESSION-1752403989990] [dashboard] [INFO] Test run requested but tests are already running
[2025-07-13T18:27:57.482Z] [SESSION-1752403989990] [dashboard] [INFO] Test run requested but tests are already running
[2025-07-13T18:28:17.257Z] [SESSION-1752403989990] [dashboard] [INFO] Test run requested but tests are already running
[2025-07-13T18:28:37.283Z] [SESSION-1752403989990] [dashboard] [INFO] Test run requested but tests are already running
[2025-07-13T18:28:55.140Z] [SESSION-1752403989990] [dashboard] [INFO] Tests completed successfully
[2025-07-13T18:28:57.320Z] [SESSION-1752403989990] [dashboard] [INFO] Running all tests via test_start.js | {"headless":true}
[2025-07-13T18:29:17.348Z] [SESSION-1752403989990] [dashboard] [INFO] Test run requested but tests are already running
[2025-07-13T18:29:37.385Z] [SESSION-1752403989990] [dashboard] [INFO] Test run requested but tests are already running
[2025-07-13T18:29:37.605Z] [SESSION-1752403989990] [dashboard] [INFO] Test run requested but tests are already running
[2025-07-13T18:29:57.423Z] [SESSION-1752403989990] [dashboard] [INFO] Test run requested but tests are already running
[2025-07-13T18:30:17.459Z] [SESSION-1752403989990] [dashboard] [INFO] Test run requested but tests are already running
[2025-07-13T18:30:35.218Z] [SESSION-1752403989990] [dashboard] [INFO] Tests completed successfully
[2025-07-13T18:30:37.483Z] [SESSION-1752403989990] [dashboard] [INFO] Running all tests via test_start.js | {"headless":true}
[2025-07-13T18:30:57.507Z] [SESSION-1752403989990] [dashboard] [INFO] Test run requested but tests are already running
[2025-07-13T18:31:17.541Z] [SESSION-1752403989990] [dashboard] [INFO] Test run requested but tests are already running
[2025-07-13T18:31:17.766Z] [SESSION-1752403989990] [dashboard] [INFO] Test run requested but tests are already running
[2025-07-13T18:31:37.581Z] [SESSION-1752403989990] [dashboard] [INFO] Test run requested but tests are already running
[2025-07-13T18:31:57.587Z] [SESSION-1752403989990] [dashboard] [INFO] Test run requested but tests are already running
[2025-07-13T18:32:15.356Z] [SESSION-1752403989990] [dashboard] [INFO] Tests completed successfully
[2025-07-13T18:32:17.615Z] [SESSION-1752403989990] [dashboard] [INFO] Running all tests via test_start.js | {"headless":true}
[2025-07-13T18:32:37.635Z] [SESSION-1752403989990] [dashboard] [INFO] Test run requested but tests are already running
[2025-07-13T18:32:57.653Z] [SESSION-1752403989990] [dashboard] [INFO] Test run requested but tests are already running
[2025-07-13T18:32:57.935Z] [SESSION-1752403989990] [dashboard] [INFO] Test run requested but tests are already running
[2025-07-13T18:33:17.669Z] [SESSION-1752403989990] [dashboard] [INFO] Test run requested but tests are already running
[2025-07-13T18:33:37.701Z] [SESSION-1752403989990] [dashboard] [INFO] Test run requested but tests are already running
[2025-07-13T18:33:55.498Z] [SESSION-1752403989990] [dashboard] [INFO] Tests completed successfully
[2025-07-13T18:33:57.728Z] [SESSION-1752403989990] [dashboard] [INFO] Running all tests via test_start.js | {"headless":true}
[2025-07-13T18:34:17.755Z] [SESSION-1752403989990] [dashboard] [INFO] Test run requested but tests are already running
[2025-07-13T18:34:37.781Z] [SESSION-1752403989990] [dashboard] [INFO] Test run requested but tests are already running
[2025-07-13T18:34:38.035Z] [SESSION-1752403989990] [dashboard] [INFO] Test run requested but tests are already running
[2025-07-13T18:34:57.807Z] [SESSION-1752403989990] [dashboard] [INFO] Test run requested but tests are already running
[2025-07-13T18:35:17.841Z] [SESSION-1752403989990] [dashboard] [INFO] Test run requested but tests are already running
[2025-07-13T18:35:35.597Z] [SESSION-1752403989990] [dashboard] [INFO] Tests completed successfully
[2025-07-13T18:35:37.873Z] [SESSION-1752403989990] [dashboard] [INFO] Running all tests via test_start.js | {"headless":true}
[2025-07-13T18:35:57.901Z] [SESSION-1752403989990] [dashboard] [INFO] Test run requested but tests are already running
[2025-07-13T18:36:17.936Z] [SESSION-1752403989990] [dashboard] [INFO] Test run requested but tests are already running
[2025-07-13T18:36:18.129Z] [SESSION-1752403989990] [dashboard] [INFO] Test run requested but tests are already running
[2025-07-13T18:36:37.973Z] [SESSION-1752403989990] [dashboard] [INFO] Test run requested but tests are already running
[2025-07-13T18:36:58.008Z] [SESSION-1752403989990] [dashboard] [INFO] Test run requested but tests are already running
[2025-07-13T18:37:15.683Z] [SESSION-1752403989990] [dashboard] [INFO] Tests completed successfully
[2025-07-13T18:37:18.034Z] [SESSION-1752403989990] [dashboard] [INFO] Running all tests via test_start.js | {"headless":true}
[2025-07-13T18:37:38.067Z] [SESSION-1752403989990] [dashboard] [INFO] Test run requested but tests are already running
[2025-07-13T18:37:58.104Z] [SESSION-1752403989990] [dashboard] [INFO] Test run requested but tests are already running
[2025-07-13T18:37:58.312Z] [SESSION-1752403989990] [dashboard] [INFO] Test run requested but tests are already running
[2025-07-13T18:38:18.137Z] [SESSION-1752403989990] [dashboard] [INFO] Test run requested but tests are already running
[2025-07-13T18:38:38.164Z] [SESSION-1752403989990] [dashboard] [INFO] Test run requested but tests are already running
[2025-07-13T18:38:55.875Z] [SESSION-1752403989990] [dashboard] [INFO] Tests completed successfully
[2025-07-13T18:38:58.197Z] [SESSION-1752403989990] [dashboard] [INFO] Running all tests via test_start.js | {"headless":true}
[2025-07-13T18:39:18.233Z] [SESSION-1752403989990] [dashboard] [INFO] Test run requested but tests are already running
[2025-07-13T18:39:38.267Z] [SESSION-1752403989990] [dashboard] [INFO] Test run requested but tests are already running
[2025-07-13T18:39:38.460Z] [SESSION-1752403989990] [dashboard] [INFO] Test run requested but tests are already running
[2025-07-13T18:39:58.293Z] [SESSION-1752403989990] [dashboard] [INFO] Test run requested but tests are already running
[2025-07-13T18:40:18.436Z] [SESSION-1752403989990] [dashboard] [INFO] Test run requested but tests are already running
[2025-07-13T18:40:36.066Z] [SESSION-1752403989990] [dashboard] [INFO] Tests completed successfully
[2025-07-13T18:40:39.434Z] [SESSION-1752403989990] [dashboard] [INFO] Running all tests via test_start.js | {"headless":true}
[2025-07-13T18:41:00.426Z] [SESSION-1752403989990] [dashboard] [INFO] Test run requested but tests are already running
[2025-07-13T18:41:19.766Z] [SESSION-1752403989990] [dashboard] [INFO] Test run requested but tests are already running
[2025-07-13T18:41:21.432Z] [SESSION-1752403989990] [dashboard] [INFO] Test run requested but tests are already running
[2025-07-13T18:41:42.433Z] [SESSION-1752403989990] [dashboard] [INFO] Test run requested but tests are already running
[2025-07-13T18:42:03.433Z] [SESSION-1752403989990] [dashboard] [INFO] Test run requested but tests are already running
[2025-07-13T18:42:17.404Z] [SESSION-1752403989990] [dashboard] [INFO] Tests completed successfully
[2025-07-13T18:42:24.431Z] [SESSION-1752403989990] [dashboard] [INFO] Running all tests via test_start.js | {"headless":true}
[2025-07-13T18:42:45.414Z] [SESSION-1752403989990] [dashboard] [INFO] Test run requested but tests are already running
[2025-07-13T18:43:04.763Z] [SESSION-1752403989990] [dashboard] [INFO] Test run requested but tests are already running
[2025-07-13T18:43:06.412Z] [SESSION-1752403989990] [dashboard] [INFO] Test run requested but tests are already running
[2025-07-13T18:43:27.412Z] [SESSION-1752403989990] [dashboard] [INFO] Test run requested but tests are already running
[2025-07-13T18:43:48.416Z] [SESSION-1752403989990] [dashboard] [INFO] Test run requested but tests are already running
[2025-07-13T18:44:02.336Z] [SESSION-1752403989990] [dashboard] [INFO] Tests completed successfully
[2025-07-13T18:44:09.432Z] [SESSION-1752403989990] [dashboard] [INFO] Running all tests via test_start.js | {"headless":true}
[2025-07-13T18:44:30.421Z] [SESSION-1752403989990] [dashboard] [INFO] Test run requested but tests are already running
[2025-07-13T18:44:49.796Z] [SESSION-1752403989990] [dashboard] [INFO] Test run requested but tests are already running
[2025-07-13T18:44:51.430Z] [SESSION-1752403989990] [dashboard] [INFO] Test run requested but tests are already running
[2025-07-13T18:45:12.421Z] [SESSION-1752403989990] [dashboard] [INFO] Test run requested but tests are already running
[2025-07-13T18:45:32.448Z] [SESSION-1752403989990] [dashboard] [INFO] Test run requested but tests are already running
[2025-07-13T18:45:47.398Z] [SESSION-1752403989990] [dashboard] [INFO] Tests completed successfully
[2025-07-13T18:45:52.485Z] [SESSION-1752403989990] [dashboard] [INFO] Running all tests via test_start.js | {"headless":true}
[2025-07-13T18:46:12.515Z] [SESSION-1752403989990] [dashboard] [INFO] Test run requested but tests are already running
[2025-07-13T18:46:32.547Z] [SESSION-1752403989990] [dashboard] [INFO] Test run requested but tests are already running
[2025-07-13T18:46:32.751Z] [SESSION-1752403989990] [dashboard] [INFO] Test run requested but tests are already running
[2025-07-13T18:46:52.584Z] [SESSION-1752403989990] [dashboard] [INFO] Test run requested but tests are already running
[2025-07-13T18:47:12.610Z] [SESSION-1752403989990] [dashboard] [INFO] Test run requested but tests are already running
[2025-07-13T18:47:30.310Z] [SESSION-1752403989990] [dashboard] [INFO] Tests completed successfully
[2025-07-13T18:47:32.645Z] [SESSION-1752403989990] [dashboard] [INFO] Running all tests via test_start.js | {"headless":true}
[2025-07-13T18:47:52.679Z] [SESSION-1752403989990] [dashboard] [INFO] Test run requested but tests are already running
[2025-07-13T18:48:12.717Z] [SESSION-1752403989990] [dashboard] [INFO] Test run requested but tests are already running
[2025-07-13T18:48:12.940Z] [SESSION-1752403989990] [dashboard] [INFO] Test run requested but tests are already running
[2025-07-13T18:48:23.916Z] [SESSION-1752432503914] [dashboard] [INFO] Dashboard server started | {"port":3003}
[2025-07-13T18:48:32.788Z] [SESSION-1752432503914] [dashboard] [INFO] Running all tests via test_start.js | {"headless":true}
[2025-07-13T18:48:52.807Z] [SESSION-1752432503914] [dashboard] [INFO] Test run requested but tests are already running
[2025-07-13T18:49:12.835Z] [SESSION-1752432503914] [dashboard] [INFO] Test run requested but tests are already running
[2025-07-13T18:49:13.087Z] [SESSION-1752432503914] [dashboard] [INFO] Test run requested but tests are already running
[2025-07-13T18:49:33.434Z] [SESSION-1752432503914] [dashboard] [INFO] Test run requested but tests are already running
[2025-07-13T18:49:54.447Z] [SESSION-1752432503914] [dashboard] [INFO] Test run requested but tests are already running
[2025-07-13T18:50:10.728Z] [SESSION-1752432503914] [dashboard] [INFO] Tests completed successfully
[2025-07-13T18:50:15.432Z] [SESSION-1752432503914] [dashboard] [INFO] Running all tests via test_start.js | {"headless":true}
[2025-07-13T18:50:36.428Z] [SESSION-1752432503914] [dashboard] [INFO] Test run requested but tests are already running
[2025-07-13T18:50:55.683Z] [SESSION-1752432503914] [dashboard] [INFO] Test run requested but tests are already running
[2025-07-13T18:50:57.429Z] [SESSION-1752432503914] [dashboard] [INFO] Test run requested but tests are already running
[2025-07-13T18:51:18.445Z] [SESSION-1752432503914] [dashboard] [INFO] Test run requested but tests are already running
[2025-07-13T18:51:39.429Z] [SESSION-1752432503914] [dashboard] [INFO] Test run requested but tests are already running
[2025-07-13T18:51:53.385Z] [SESSION-1752432503914] [dashboard] [INFO] Tests completed successfully
[2025-07-13T18:52:00.424Z] [SESSION-1752432503914] [dashboard] [INFO] Running all tests via test_start.js | {"headless":true}
[2025-07-13T18:52:21.435Z] [SESSION-1752432503914] [dashboard] [INFO] Test run requested but tests are already running
[2025-07-13T18:52:40.785Z] [SESSION-1752432503914] [dashboard] [INFO] Test run requested but tests are already running
[2025-07-13T18:52:42.431Z] [SESSION-1752432503914] [dashboard] [INFO] Test run requested but tests are already running
[2025-07-13T18:53:03.431Z] [SESSION-1752432503914] [dashboard] [INFO] Test run requested but tests are already running
[2025-07-13T18:53:24.424Z] [SESSION-1752432503914] [dashboard] [INFO] Test run requested but tests are already running
[2025-07-13T18:53:38.371Z] [SESSION-1752432503914] [dashboard] [INFO] Tests completed successfully
[2025-07-13T18:53:45.424Z] [SESSION-1752432503914] [dashboard] [INFO] Running all tests via test_start.js | {"headless":true}
[2025-07-13T18:54:06.442Z] [SESSION-1752432503914] [dashboard] [INFO] Test run requested but tests are already running
[2025-07-13T18:54:25.800Z] [SESSION-1752432503914] [dashboard] [INFO] Test run requested but tests are already running
[2025-07-13T18:54:27.427Z] [SESSION-1752432503914] [dashboard] [INFO] Test run requested but tests are already running
[2025-07-13T18:54:48.433Z] [SESSION-1752432503914] [dashboard] [INFO] Test run requested but tests are already running
[2025-07-13T18:55:09.449Z] [SESSION-1752432503914] [dashboard] [INFO] Test run requested but tests are already running
[2025-07-13T18:55:23.351Z] [SESSION-1752432503914] [dashboard] [INFO] Tests completed successfully
[2025-07-13T18:55:30.428Z] [SESSION-1752432503914] [dashboard] [INFO] Running all tests via test_start.js | {"headless":true}
[2025-07-13T18:55:51.432Z] [SESSION-1752432503914] [dashboard] [INFO] Test run requested but tests are already running
[2025-07-13T18:56:10.718Z] [SESSION-1752432503914] [dashboard] [INFO] Test run requested but tests are already running
[2025-07-13T18:56:12.440Z] [SESSION-1752432503914] [dashboard] [INFO] Test run requested but tests are already running
[2025-07-13T18:56:33.440Z] [SESSION-1752432503914] [dashboard] [INFO] Test run requested but tests are already running
[2025-07-13T18:56:54.425Z] [SESSION-1752432503914] [dashboard] [INFO] Test run requested but tests are already running
[2025-07-13T18:57:08.286Z] [SESSION-1752432503914] [dashboard] [INFO] Tests completed successfully
[2025-07-13T18:57:15.431Z] [SESSION-1752432503914] [dashboard] [INFO] Running all tests via test_start.js | {"headless":true}
[2025-07-13T18:57:36.430Z] [SESSION-1752432503914] [dashboard] [INFO] Test run requested but tests are already running
[2025-07-13T18:57:55.734Z] [SESSION-1752432503914] [dashboard] [INFO] Test run requested but tests are already running
[2025-07-13T18:57:57.430Z] [SESSION-1752432503914] [dashboard] [INFO] Test run requested but tests are already running
[2025-07-13T18:58:18.441Z] [SESSION-1752432503914] [dashboard] [INFO] Test run requested but tests are already running
[2025-07-13T18:58:39.442Z] [SESSION-1752432503914] [dashboard] [INFO] Test run requested but tests are already running
[2025-07-13T18:58:53.347Z] [SESSION-1752432503914] [dashboard] [INFO] Tests completed successfully
[2025-07-13T18:59:00.439Z] [SESSION-1752432503914] [dashboard] [INFO] Running all tests via test_start.js | {"headless":true}
[2025-07-13T18:59:21.519Z] [SESSION-1752432503914] [dashboard] [INFO] Test run requested but tests are already running
[2025-07-13T18:59:40.783Z] [SESSION-1752432503914] [dashboard] [INFO] Test run requested but tests are already running
[2025-07-13T18:59:41.540Z] [SESSION-1752432503914] [dashboard] [INFO] Test run requested but tests are already running
[2025-07-13T19:00:01.568Z] [SESSION-1752432503914] [dashboard] [INFO] Test run requested but tests are already running
[2025-07-13T19:00:21.602Z] [SESSION-1752432503914] [dashboard] [INFO] Test run requested but tests are already running
[2025-07-13T19:00:38.598Z] [SESSION-1752432503914] [dashboard] [INFO] Tests completed successfully
[2025-07-13T19:00:41.641Z] [SESSION-1752432503914] [dashboard] [INFO] Running all tests via test_start.js | {"headless":true}
[2025-07-13T19:01:01.673Z] [SESSION-1752432503914] [dashboard] [INFO] Test run requested but tests are already running
[2025-07-13T19:01:21.706Z] [SESSION-1752432503914] [dashboard] [INFO] Test run requested but tests are already running
[2025-07-13T19:01:22.316Z] [SESSION-1752432503914] [dashboard] [INFO] Test run requested but tests are already running
[2025-07-13T19:01:41.760Z] [SESSION-1752432503914] [dashboard] [INFO] Test run requested but tests are already running
[2025-07-13T19:02:01.793Z] [SESSION-1752432503914] [dashboard] [INFO] Test run requested but tests are already running
[2025-07-13T19:02:19.920Z] [SESSION-1752432503914] [dashboard] [INFO] Tests completed successfully
[2025-07-13T19:02:21.824Z] [SESSION-1752432503914] [dashboard] [INFO] Running all tests via test_start.js | {"headless":true}
[2025-07-13T19:02:41.856Z] [SESSION-1752432503914] [dashboard] [INFO] Test run requested but tests are already running
[2025-07-13T19:03:01.884Z] [SESSION-1752432503914] [dashboard] [INFO] Test run requested but tests are already running
[2025-07-13T19:03:02.362Z] [SESSION-1752432503914] [dashboard] [INFO] Test run requested but tests are already running
[2025-07-13T19:03:21.915Z] [SESSION-1752432503914] [dashboard] [INFO] Test run requested but tests are already running
[2025-07-13T19:03:41.949Z] [SESSION-1752432503914] [dashboard] [INFO] Test run requested but tests are already running
[2025-07-13T19:03:59.961Z] [SESSION-1752432503914] [dashboard] [INFO] Tests completed successfully
[2025-07-13T19:04:01.986Z] [SESSION-1752432503914] [dashboard] [INFO] Running all tests via test_start.js | {"headless":true}
[2025-07-13T19:04:22.024Z] [SESSION-1752432503914] [dashboard] [INFO] Test run requested but tests are already running
[2025-07-13T19:04:42.057Z] [SESSION-1752432503914] [dashboard] [INFO] Test run requested but tests are already running
[2025-07-13T19:04:42.323Z] [SESSION-1752432503914] [dashboard] [INFO] Test run requested but tests are already running
[2025-07-13T19:05:02.096Z] [SESSION-1752432503914] [dashboard] [INFO] Test run requested but tests are already running
[2025-07-13T19:05:22.118Z] [SESSION-1752432503914] [dashboard] [INFO] Test run requested but tests are already running
[2025-07-13T19:05:39.918Z] [SESSION-1752432503914] [dashboard] [INFO] Tests completed successfully
[2025-07-13T19:05:42.162Z] [SESSION-1752432503914] [dashboard] [INFO] Running all tests via test_start.js | {"headless":true}
[2025-07-13T19:06:02.188Z] [SESSION-1752432503914] [dashboard] [INFO] Test run requested but tests are already running
[2025-07-13T19:06:22.226Z] [SESSION-1752432503914] [dashboard] [INFO] Test run requested but tests are already running
[2025-07-13T19:06:22.526Z] [SESSION-1752432503914] [dashboard] [INFO] Test run requested but tests are already running
[2025-07-13T19:06:42.263Z] [SESSION-1752432503914] [dashboard] [INFO] Test run requested but tests are already running
[2025-07-13T19:07:02.289Z] [SESSION-1752432503914] [dashboard] [INFO] Test run requested but tests are already running
[2025-07-13T19:07:20.123Z] [SESSION-1752432503914] [dashboard] [INFO] Tests completed successfully
[2025-07-13T19:07:22.326Z] [SESSION-1752432503914] [dashboard] [INFO] Running all tests via test_start.js | {"headless":true}
[2025-07-13T19:07:42.360Z] [SESSION-1752432503914] [dashboard] [INFO] Test run requested but tests are already running
[2025-07-13T19:08:02.381Z] [SESSION-1752432503914] [dashboard] [INFO] Test run requested but tests are already running
[2025-07-13T19:08:02.653Z] [SESSION-1752432503914] [dashboard] [INFO] Test run requested but tests are already running
[2025-07-13T19:08:22.415Z] [SESSION-1752432503914] [dashboard] [INFO] Test run requested but tests are already running
[2025-07-13T19:08:42.442Z] [SESSION-1752432503914] [dashboard] [INFO] Test run requested but tests are already running
[2025-07-13T19:09:00.251Z] [SESSION-1752432503914] [dashboard] [INFO] Tests completed successfully
[2025-07-13T19:09:02.467Z] [SESSION-1752432503914] [dashboard] [INFO] Running all tests via test_start.js | {"headless":true}
[2025-07-13T19:09:22.500Z] [SESSION-1752432503914] [dashboard] [INFO] Test run requested but tests are already running
[2025-07-13T19:09:42.536Z] [SESSION-1752432503914] [dashboard] [INFO] Test run requested but tests are already running
[2025-07-13T19:09:42.798Z] [SESSION-1752432503914] [dashboard] [INFO] Test run requested but tests are already running
[2025-07-13T19:10:02.564Z] [SESSION-1752432503914] [dashboard] [INFO] Test run requested but tests are already running
[2025-07-13T19:10:22.599Z] [SESSION-1752432503914] [dashboard] [INFO] Test run requested but tests are already running
[2025-07-13T19:10:40.389Z] [SESSION-1752432503914] [dashboard] [INFO] Tests completed successfully
[2025-07-13T19:10:42.638Z] [SESSION-1752432503914] [dashboard] [INFO] Running all tests via test_start.js | {"headless":true}
[2025-07-13T19:11:02.678Z] [SESSION-1752432503914] [dashboard] [INFO] Test run requested but tests are already running
[2025-07-13T19:11:22.711Z] [SESSION-1752432503914] [dashboard] [INFO] Test run requested but tests are already running
[2025-07-13T19:11:23.085Z] [SESSION-1752432503914] [dashboard] [INFO] Test run requested but tests are already running
[2025-07-13T19:11:42.739Z] [SESSION-1752432503914] [dashboard] [INFO] Test run requested but tests are already running
[2025-07-13T19:12:02.765Z] [SESSION-1752432503914] [dashboard] [INFO] Test run requested but tests are already running
[2025-07-13T19:12:20.685Z] [SESSION-1752432503914] [dashboard] [INFO] Tests completed successfully
[2025-07-13T19:12:22.797Z] [SESSION-1752432503914] [dashboard] [INFO] Running all tests via test_start.js | {"headless":true}
[2025-07-13T19:12:42.823Z] [SESSION-1752432503914] [dashboard] [INFO] Test run requested but tests are already running
[2025-07-13T19:13:02.852Z] [SESSION-1752432503914] [dashboard] [INFO] Test run requested but tests are already running
[2025-07-13T19:13:03.174Z] [SESSION-1752432503914] [dashboard] [INFO] Test run requested but tests are already running
[2025-07-13T19:13:22.890Z] [SESSION-1752432503914] [dashboard] [INFO] Test run requested but tests are already running
[2025-07-13T19:13:42.925Z] [SESSION-1752432503914] [dashboard] [INFO] Test run requested but tests are already running
[2025-07-13T19:14:00.793Z] [SESSION-1752432503914] [dashboard] [INFO] Tests completed successfully
[2025-07-13T19:14:02.954Z] [SESSION-1752432503914] [dashboard] [INFO] Running all tests via test_start.js | {"headless":true}
[2025-07-13T19:14:22.992Z] [SESSION-1752432503914] [dashboard] [INFO] Test run requested but tests are already running
[2025-07-13T19:14:43.029Z] [SESSION-1752432503914] [dashboard] [INFO] Test run requested but tests are already running
[2025-07-13T19:14:43.593Z] [SESSION-1752432503914] [dashboard] [INFO] Test run requested but tests are already running
[2025-07-13T19:15:03.058Z] [SESSION-1752432503914] [dashboard] [INFO] Test run requested but tests are already running
[2025-07-13T19:15:23.093Z] [SESSION-1752432503914] [dashboard] [INFO] Test run requested but tests are already running
[2025-07-13T19:15:41.186Z] [SESSION-1752432503914] [dashboard] [INFO] Tests completed successfully
[2025-07-13T19:15:43.130Z] [SESSION-1752432503914] [dashboard] [INFO] Running all tests via test_start.js | {"headless":true}
[2025-07-13T19:16:03.169Z] [SESSION-1752432503914] [dashboard] [INFO] Test run requested but tests are already running
[2025-07-13T19:16:23.203Z] [SESSION-1752432503914] [dashboard] [INFO] Test run requested but tests are already running
[2025-07-13T19:16:23.570Z] [SESSION-1752432503914] [dashboard] [INFO] Test run requested but tests are already running
[2025-07-13T19:16:43.240Z] [SESSION-1752432503914] [dashboard] [INFO] Test run requested but tests are already running
[2025-07-13T19:17:03.284Z] [SESSION-1752432503914] [dashboard] [INFO] Test run requested but tests are already running
[2025-07-13T19:17:21.176Z] [SESSION-1752432503914] [dashboard] [INFO] Tests completed successfully
[2025-07-13T19:17:23.321Z] [SESSION-1752432503914] [dashboard] [INFO] Running all tests via test_start.js | {"headless":true}
[2025-07-13T19:17:43.382Z] [SESSION-1752432503914] [dashboard] [INFO] Test run requested but tests are already running
[2025-07-13T19:18:03.409Z] [SESSION-1752432503914] [dashboard] [INFO] Test run requested but tests are already running
[2025-07-13T19:18:03.758Z] [SESSION-1752432503914] [dashboard] [INFO] Test run requested but tests are already running
[2025-07-13T19:18:23.438Z] [SESSION-1752432503914] [dashboard] [INFO] Test run requested but tests are already running
[2025-07-13T19:18:43.483Z] [SESSION-1752432503914] [dashboard] [INFO] Test run requested but tests are already running
[2025-07-13T19:19:01.383Z] [SESSION-1752432503914] [dashboard] [INFO] Tests completed successfully
[2025-07-13T19:19:03.521Z] [SESSION-1752432503914] [dashboard] [INFO] Running all tests via test_start.js | {"headless":true}
[2025-07-13T19:19:23.555Z] [SESSION-1752432503914] [dashboard] [INFO] Test run requested but tests are already running
[2025-07-13T19:19:43.586Z] [SESSION-1752432503914] [dashboard] [INFO] Test run requested but tests are already running
[2025-07-13T19:19:43.917Z] [SESSION-1752432503914] [dashboard] [INFO] Test run requested but tests are already running
[2025-07-13T19:20:03.622Z] [SESSION-1752432503914] [dashboard] [INFO] Test run requested but tests are already running
[2025-07-13T19:20:23.671Z] [SESSION-1752432503914] [dashboard] [INFO] Test run requested but tests are already running
[2025-07-13T19:20:41.542Z] [SESSION-1752432503914] [dashboard] [INFO] Tests completed successfully
[2025-07-13T19:20:43.721Z] [SESSION-1752432503914] [dashboard] [INFO] Running all tests via test_start.js | {"headless":true}
[2025-07-13T19:21:03.769Z] [SESSION-1752432503914] [dashboard] [INFO] Test run requested but tests are already running
[2025-07-13T19:21:23.795Z] [SESSION-1752432503914] [dashboard] [INFO] Test run requested but tests are already running
[2025-07-13T19:21:24.162Z] [SESSION-1752432503914] [dashboard] [INFO] Test run requested but tests are already running
[2025-07-13T19:21:43.828Z] [SESSION-1752432503914] [dashboard] [INFO] Test run requested but tests are already running
[2025-07-13T19:22:03.862Z] [SESSION-1752432503914] [dashboard] [INFO] Test run requested but tests are already running
[2025-07-13T19:22:21.734Z] [SESSION-1752432503914] [dashboard] [INFO] Tests completed successfully
[2025-07-13T19:22:23.893Z] [SESSION-1752432503914] [dashboard] [INFO] Running all tests via test_start.js | {"headless":true}
[2025-07-13T19:22:43.925Z] [SESSION-1752432503914] [dashboard] [INFO] Test run requested but tests are already running
[2025-07-13T19:23:03.957Z] [SESSION-1752432503914] [dashboard] [INFO] Test run requested but tests are already running
[2025-07-13T19:23:04.261Z] [SESSION-1752432503914] [dashboard] [INFO] Test run requested but tests are already running
[2025-07-13T19:23:23.982Z] [SESSION-1752432503914] [dashboard] [INFO] Test run requested but tests are already running
[2025-07-13T19:23:44.013Z] [SESSION-1752432503914] [dashboard] [INFO] Test run requested but tests are already running
[2025-07-13T19:24:01.899Z] [SESSION-1752432503914] [dashboard] [INFO] Tests completed successfully
[2025-07-13T19:24:04.043Z] [SESSION-1752432503914] [dashboard] [INFO] Running all tests via test_start.js | {"headless":true}
[2025-07-13T19:24:24.078Z] [SESSION-1752432503914] [dashboard] [INFO] Test run requested but tests are already running
[2025-07-13T19:24:44.118Z] [SESSION-1752432503914] [dashboard] [INFO] Test run requested but tests are already running
[2025-07-13T19:24:44.456Z] [SESSION-1752432503914] [dashboard] [INFO] Test run requested but tests are already running
[2025-07-13T19:25:04.142Z] [SESSION-1752432503914] [dashboard] [INFO] Test run requested but tests are already running
[2025-07-13T19:25:24.179Z] [SESSION-1752432503914] [dashboard] [INFO] Test run requested but tests are already running
[2025-07-13T19:25:42.072Z] [SESSION-1752432503914] [dashboard] [INFO] Tests completed successfully
[2025-07-13T19:25:44.209Z] [SESSION-1752432503914] [dashboard] [INFO] Running all tests via test_start.js | {"headless":true}
[2025-07-13T19:26:04.245Z] [SESSION-1752432503914] [dashboard] [INFO] Test run requested but tests are already running
[2025-07-13T19:26:24.284Z] [SESSION-1752432503914] [dashboard] [INFO] Test run requested but tests are already running
[2025-07-13T19:26:24.634Z] [SESSION-1752432503914] [dashboard] [INFO] Test run requested but tests are already running
[2025-07-13T19:26:44.313Z] [SESSION-1752432503914] [dashboard] [INFO] Test run requested but tests are already running
[2025-07-13T19:27:04.351Z] [SESSION-1752432503914] [dashboard] [INFO] Test run requested but tests are already running
[2025-07-13T19:27:22.208Z] [SESSION-1752432503914] [dashboard] [INFO] Tests completed successfully
[2025-07-13T19:27:24.384Z] [SESSION-1752432503914] [dashboard] [INFO] Running all tests via test_start.js | {"headless":true}
[2025-07-13T19:27:44.418Z] [SESSION-1752432503914] [dashboard] [INFO] Test run requested but tests are already running
[2025-07-13T19:28:04.450Z] [SESSION-1752432503914] [dashboard] [INFO] Test run requested but tests are already running
[2025-07-13T19:28:04.708Z] [SESSION-1752432503914] [dashboard] [INFO] Test run requested but tests are already running
[2025-07-13T19:28:24.484Z] [SESSION-1752432503914] [dashboard] [INFO] Test run requested but tests are already running
[2025-07-13T19:28:44.512Z] [SESSION-1752432503914] [dashboard] [INFO] Test run requested but tests are already running
[2025-07-13T19:29:02.287Z] [SESSION-1752432503914] [dashboard] [INFO] Tests completed successfully
[2025-07-13T19:29:04.545Z] [SESSION-1752432503914] [dashboard] [INFO] Running all tests via test_start.js | {"headless":true}
[2025-07-13T19:29:24.581Z] [SESSION-1752432503914] [dashboard] [INFO] Test run requested but tests are already running
[2025-07-13T19:29:44.600Z] [SESSION-1752432503914] [dashboard] [INFO] Test run requested but tests are already running
[2025-07-13T19:29:44.885Z] [SESSION-1752432503914] [dashboard] [INFO] Test run requested but tests are already running
[2025-07-13T19:30:04.635Z] [SESSION-1752432503914] [dashboard] [INFO] Test run requested but tests are already running
[2025-07-13T19:30:24.670Z] [SESSION-1752432503914] [dashboard] [INFO] Test run requested but tests are already running
[2025-07-13T19:30:42.472Z] [SESSION-1752432503914] [dashboard] [INFO] Tests completed successfully
[2025-07-13T19:30:44.711Z] [SESSION-1752432503914] [dashboard] [INFO] Running all tests via test_start.js | {"headless":true}
[2025-07-13T19:31:04.740Z] [SESSION-1752432503914] [dashboard] [INFO] Test run requested but tests are already running
[2025-07-13T19:31:24.770Z] [SESSION-1752432503914] [dashboard] [INFO] Test run requested but tests are already running
[2025-07-13T19:31:25.608Z] [SESSION-1752432503914] [dashboard] [INFO] Test run requested but tests are already running
[2025-07-13T19:31:44.805Z] [SESSION-1752432503914] [dashboard] [INFO] Test run requested but tests are already running
[2025-07-13T19:32:04.836Z] [SESSION-1752432503914] [dashboard] [INFO] Test run requested but tests are already running
[2025-07-13T19:32:23.221Z] [SESSION-1752432503914] [dashboard] [INFO] Tests completed successfully
[2025-07-13T19:32:24.872Z] [SESSION-1752432503914] [dashboard] [INFO] Running all tests via test_start.js | {"headless":true}
[2025-07-13T19:32:44.899Z] [SESSION-1752432503914] [dashboard] [INFO] Test run requested but tests are already running
[2025-07-13T19:33:04.929Z] [SESSION-1752432503914] [dashboard] [INFO] Test run requested but tests are already running
[2025-07-13T19:33:05.193Z] [SESSION-1752432503914] [dashboard] [INFO] Test run requested but tests are already running
[2025-07-13T19:33:24.958Z] [SESSION-1752432503914] [dashboard] [INFO] Test run requested but tests are already running
[2025-07-13T19:33:44.987Z] [SESSION-1752432503914] [dashboard] [INFO] Test run requested but tests are already running
[2025-07-13T19:34:02.803Z] [SESSION-1752432503914] [dashboard] [INFO] Tests completed successfully
[2025-07-13T19:34:05.018Z] [SESSION-1752432503914] [dashboard] [INFO] Running all tests via test_start.js | {"headless":true}
[2025-07-13T19:34:25.049Z] [SESSION-1752432503914] [dashboard] [INFO] Test run requested but tests are already running
[2025-07-13T19:34:45.081Z] [SESSION-1752432503914] [dashboard] [INFO] Test run requested but tests are already running
[2025-07-13T19:34:45.333Z] [SESSION-1752432503914] [dashboard] [INFO] Test run requested but tests are already running
[2025-07-13T19:35:05.101Z] [SESSION-1752432503914] [dashboard] [INFO] Test run requested but tests are already running
[2025-07-13T19:35:25.132Z] [SESSION-1752432503914] [dashboard] [INFO] Test run requested but tests are already running
[2025-07-13T19:35:42.919Z] [SESSION-1752432503914] [dashboard] [INFO] Tests completed successfully
[2025-07-13T19:35:45.166Z] [SESSION-1752432503914] [dashboard] [INFO] Running all tests via test_start.js | {"headless":true}
[2025-07-13T19:36:05.199Z] [SESSION-1752432503914] [dashboard] [INFO] Test run requested but tests are already running
[2025-07-13T19:36:25.236Z] [SESSION-1752432503914] [dashboard] [INFO] Test run requested but tests are already running
[2025-07-13T19:36:25.536Z] [SESSION-1752432503914] [dashboard] [INFO] Test run requested but tests are already running
[2025-07-13T19:36:45.269Z] [SESSION-1752432503914] [dashboard] [INFO] Test run requested but tests are already running
[2025-07-13T19:37:05.298Z] [SESSION-1752432503914] [dashboard] [INFO] Test run requested but tests are already running
[2025-07-13T19:37:23.124Z] [SESSION-1752432503914] [dashboard] [INFO] Tests completed successfully
[2025-07-13T19:37:25.328Z] [SESSION-1752432503914] [dashboard] [INFO] Running all tests via test_start.js | {"headless":true}
[2025-07-13T19:37:45.365Z] [SESSION-1752432503914] [dashboard] [INFO] Test run requested but tests are already running
[2025-07-13T19:38:05.402Z] [SESSION-1752432503914] [dashboard] [INFO] Test run requested but tests are already running
[2025-07-13T19:38:05.679Z] [SESSION-1752432503914] [dashboard] [INFO] Test run requested but tests are already running
[2025-07-13T19:38:25.429Z] [SESSION-1752432503914] [dashboard] [INFO] Test run requested but tests are already running
[2025-07-13T19:38:45.464Z] [SESSION-1752432503914] [dashboard] [INFO] Test run requested but tests are already running
[2025-07-13T19:39:03.270Z] [SESSION-1752432503914] [dashboard] [INFO] Tests completed successfully
[2025-07-13T19:39:05.500Z] [SESSION-1752432503914] [dashboard] [INFO] Running all tests via test_start.js | {"headless":true}
[2025-07-13T19:39:25.534Z] [SESSION-1752432503914] [dashboard] [INFO] Test run requested but tests are already running
[2025-07-13T19:39:45.572Z] [SESSION-1752432503914] [dashboard] [INFO] Test run requested but tests are already running
[2025-07-13T19:39:45.910Z] [SESSION-1752432503914] [dashboard] [INFO] Test run requested but tests are already running
[2025-07-13T19:40:05.604Z] [SESSION-1752432503914] [dashboard] [INFO] Test run requested but tests are already running
[2025-07-13T19:40:25.640Z] [SESSION-1752432503914] [dashboard] [INFO] Test run requested but tests are already running
[2025-07-13T19:40:43.488Z] [SESSION-1752432503914] [dashboard] [INFO] Tests completed successfully
[2025-07-13T19:40:45.669Z] [SESSION-1752432503914] [dashboard] [INFO] Running all tests via test_start.js | {"headless":true}
[2025-07-13T19:41:05.706Z] [SESSION-1752432503914] [dashboard] [INFO] Test run requested but tests are already running
[2025-07-13T19:41:25.742Z] [SESSION-1752432503914] [dashboard] [INFO] Test run requested but tests are already running
[2025-07-13T19:41:26.017Z] [SESSION-1752432503914] [dashboard] [INFO] Test run requested but tests are already running
[2025-07-13T19:41:45.777Z] [SESSION-1752432503914] [dashboard] [INFO] Test run requested but tests are already running
[2025-07-13T19:42:05.810Z] [SESSION-1752432503914] [dashboard] [INFO] Test run requested but tests are already running
[2025-07-13T19:42:23.762Z] [SESSION-1752432503914] [dashboard] [INFO] Tests completed successfully
[2025-07-13T19:42:25.849Z] [SESSION-1752432503914] [dashboard] [INFO] Running all tests via test_start.js | {"headless":true}
[2025-07-13T19:42:45.880Z] [SESSION-1752432503914] [dashboard] [INFO] Test run requested but tests are already running
[2025-07-13T19:43:05.915Z] [SESSION-1752432503914] [dashboard] [INFO] Test run requested but tests are already running
[2025-07-13T19:43:06.485Z] [SESSION-1752432503914] [dashboard] [INFO] Test run requested but tests are already running
[2025-07-13T19:43:25.949Z] [SESSION-1752432503914] [dashboard] [INFO] Test run requested but tests are already running
[2025-07-13T19:43:45.979Z] [SESSION-1752432503914] [dashboard] [INFO] Test run requested but tests are already running
[2025-07-13T19:44:04.075Z] [SESSION-1752432503914] [dashboard] [INFO] Tests completed successfully
[2025-07-13T19:44:05.998Z] [SESSION-1752432503914] [dashboard] [INFO] Running all tests via test_start.js | {"headless":true}
[2025-07-13T19:44:26.036Z] [SESSION-1752432503914] [dashboard] [INFO] Test run requested but tests are already running
[2025-07-13T19:44:46.069Z] [SESSION-1752432503914] [dashboard] [INFO] Test run requested but tests are already running
[2025-07-13T19:44:46.540Z] [SESSION-1752432503914] [dashboard] [INFO] Test run requested but tests are already running
[2025-07-13T19:45:06.095Z] [SESSION-1752432503914] [dashboard] [INFO] Test run requested but tests are already running
[2025-07-13T19:45:26.130Z] [SESSION-1752432503914] [dashboard] [INFO] Test run requested but tests are already running
[2025-07-13T19:45:44.146Z] [SESSION-1752432503914] [dashboard] [INFO] Tests completed successfully
[2025-07-13T19:45:46.172Z] [SESSION-1752432503914] [dashboard] [INFO] Running all tests via test_start.js | {"headless":true}
[2025-07-13T19:46:06.202Z] [SESSION-1752432503914] [dashboard] [INFO] Test run requested but tests are already running
[2025-07-13T19:46:26.240Z] [SESSION-1752432503914] [dashboard] [INFO] Test run requested but tests are already running
[2025-07-13T19:46:26.548Z] [SESSION-1752432503914] [dashboard] [INFO] Test run requested but tests are already running
[2025-07-13T19:46:46.274Z] [SESSION-1752432503914] [dashboard] [INFO] Test run requested but tests are already running
[2025-07-13T19:47:06.310Z] [SESSION-1752432503914] [dashboard] [INFO] Test run requested but tests are already running
[2025-07-13T19:47:24.150Z] [SESSION-1752432503914] [dashboard] [INFO] Tests completed successfully
[2025-07-13T19:47:26.347Z] [SESSION-1752432503914] [dashboard] [INFO] Running all tests via test_start.js | {"headless":true}
[2025-07-13T19:47:46.374Z] [SESSION-1752432503914] [dashboard] [INFO] Test run requested but tests are already running
[2025-07-13T19:48:06.404Z] [SESSION-1752432503914] [dashboard] [INFO] Test run requested but tests are already running
[2025-07-13T19:48:06.655Z] [SESSION-1752432503914] [dashboard] [INFO] Test run requested but tests are already running
[2025-07-13T19:48:26.442Z] [SESSION-1752432503914] [dashboard] [INFO] Test run requested but tests are already running
[2025-07-13T19:48:46.475Z] [SESSION-1752432503914] [dashboard] [INFO] Test run requested but tests are already running
[2025-07-13T19:49:04.264Z] [SESSION-1752432503914] [dashboard] [INFO] Tests completed successfully
[2025-07-13T19:49:06.510Z] [SESSION-1752432503914] [dashboard] [INFO] Running all tests via test_start.js | {"headless":true}
[2025-07-13T19:49:26.541Z] [SESSION-1752432503914] [dashboard] [INFO] Test run requested but tests are already running
[2025-07-13T19:49:46.588Z] [SESSION-1752432503914] [dashboard] [INFO] Test run requested but tests are already running
[2025-07-13T19:49:46.897Z] [SESSION-1752432503914] [dashboard] [INFO] Test run requested but tests are already running
[2025-07-13T19:50:06.626Z] [SESSION-1752432503914] [dashboard] [INFO] Test run requested but tests are already running
[2025-07-13T19:50:26.664Z] [SESSION-1752432503914] [dashboard] [INFO] Test run requested but tests are already running
[2025-07-13T19:50:44.500Z] [SESSION-1752432503914] [dashboard] [INFO] Tests completed successfully
[2025-07-13T19:50:46.698Z] [SESSION-1752432503914] [dashboard] [INFO] Running all tests via test_start.js | {"headless":true}
[2025-07-13T19:51:06.731Z] [SESSION-1752432503914] [dashboard] [INFO] Test run requested but tests are already running
[2025-07-13T19:51:26.762Z] [SESSION-1752432503914] [dashboard] [INFO] Test run requested but tests are already running
[2025-07-13T19:51:27.104Z] [SESSION-1752432503914] [dashboard] [INFO] Test run requested but tests are already running
[2025-07-13T19:51:46.795Z] [SESSION-1752432503914] [dashboard] [INFO] Test run requested but tests are already running
[2025-07-13T19:52:06.825Z] [SESSION-1752432503914] [dashboard] [INFO] Test run requested but tests are already running
[2025-07-13T19:52:24.729Z] [SESSION-1752432503914] [dashboard] [INFO] Tests completed successfully
[2025-07-13T19:52:26.862Z] [SESSION-1752432503914] [dashboard] [INFO] Running all tests via test_start.js | {"headless":true}
[2025-07-13T19:52:46.890Z] [SESSION-1752432503914] [dashboard] [INFO] Test run requested but tests are already running
[2025-07-13T19:53:06.928Z] [SESSION-1752432503914] [dashboard] [INFO] Test run requested but tests are already running
[2025-07-13T19:53:07.250Z] [SESSION-1752432503914] [dashboard] [INFO] Test run requested but tests are already running
[2025-07-13T19:53:26.962Z] [SESSION-1752432503914] [dashboard] [INFO] Test run requested but tests are already running
[2025-07-13T19:53:47.010Z] [SESSION-1752432503914] [dashboard] [INFO] Test run requested but tests are already running
[2025-07-13T19:54:04.829Z] [SESSION-1752432503914] [dashboard] [INFO] Tests completed successfully
[2025-07-13T19:54:07.041Z] [SESSION-1752432503914] [dashboard] [INFO] Running all tests via test_start.js | {"headless":true}
[2025-07-13T19:54:27.079Z] [SESSION-1752432503914] [dashboard] [INFO] Test run requested but tests are already running
[2025-07-13T19:54:47.123Z] [SESSION-1752432503914] [dashboard] [INFO] Test run requested but tests are already running
[2025-07-13T19:54:47.403Z] [SESSION-1752432503914] [dashboard] [INFO] Test run requested but tests are already running
[2025-07-13T19:55:07.154Z] [SESSION-1752432503914] [dashboard] [INFO] Test run requested but tests are already running
[2025-07-13T19:55:27.182Z] [SESSION-1752432503914] [dashboard] [INFO] Test run requested but tests are already running
[2025-07-13T19:55:45.026Z] [SESSION-1752432503914] [dashboard] [INFO] Tests completed successfully
[2025-07-13T19:55:47.218Z] [SESSION-1752432503914] [dashboard] [INFO] Running all tests via test_start.js | {"headless":true}
[2025-07-13T19:56:07.258Z] [SESSION-1752432503914] [dashboard] [INFO] Test run requested but tests are already running
[2025-07-13T19:56:27.302Z] [SESSION-1752432503914] [dashboard] [INFO] Test run requested but tests are already running
[2025-07-13T19:56:27.585Z] [SESSION-1752432503914] [dashboard] [INFO] Test run requested but tests are already running
[2025-07-13T19:56:47.333Z] [SESSION-1752432503914] [dashboard] [INFO] Test run requested but tests are already running
[2025-07-13T19:57:07.362Z] [SESSION-1752432503914] [dashboard] [INFO] Test run requested but tests are already running
[2025-07-13T19:57:25.185Z] [SESSION-1752432503914] [dashboard] [INFO] Tests completed successfully
[2025-07-13T19:57:27.407Z] [SESSION-1752432503914] [dashboard] [INFO] Running all tests via test_start.js | {"headless":true}
[2025-07-13T19:57:47.439Z] [SESSION-1752432503914] [dashboard] [INFO] Test run requested but tests are already running
[2025-07-13T19:58:07.474Z] [SESSION-1752432503914] [dashboard] [INFO] Test run requested but tests are already running
[2025-07-13T19:58:07.803Z] [SESSION-1752432503914] [dashboard] [INFO] Test run requested but tests are already running
[2025-07-13T19:58:27.512Z] [SESSION-1752432503914] [dashboard] [INFO] Test run requested but tests are already running
[2025-07-13T19:58:47.556Z] [SESSION-1752432503914] [dashboard] [INFO] Test run requested but tests are already running
[2025-07-13T19:59:05.436Z] [SESSION-1752432503914] [dashboard] [INFO] Tests completed successfully
[2025-07-13T19:59:07.588Z] [SESSION-1752432503914] [dashboard] [INFO] Running all tests via test_start.js | {"headless":true}
[2025-07-13T19:59:27.616Z] [SESSION-1752432503914] [dashboard] [INFO] Test run requested but tests are already running
[2025-07-13T19:59:47.649Z] [SESSION-1752432503914] [dashboard] [INFO] Test run requested but tests are already running
[2025-07-13T19:59:47.940Z] [SESSION-1752432503914] [dashboard] [INFO] Test run requested but tests are already running
[2025-07-13T20:00:07.677Z] [SESSION-1752432503914] [dashboard] [INFO] Test run requested but tests are already running
[2025-07-13T20:00:27.717Z] [SESSION-1752432503914] [dashboard] [INFO] Test run requested but tests are already running
[2025-07-13T20:00:45.541Z] [SESSION-1752432503914] [dashboard] [INFO] Tests completed successfully
[2025-07-13T20:00:47.744Z] [SESSION-1752432503914] [dashboard] [INFO] Running all tests via test_start.js | {"headless":true}
[2025-07-13T20:01:07.778Z] [SESSION-1752432503914] [dashboard] [INFO] Test run requested but tests are already running
[2025-07-13T20:01:27.817Z] [SESSION-1752432503914] [dashboard] [INFO] Test run requested but tests are already running
[2025-07-13T20:01:28.228Z] [SESSION-1752432503914] [dashboard] [INFO] Test run requested but tests are already running
[2025-07-13T20:01:47.850Z] [SESSION-1752432503914] [dashboard] [INFO] Test run requested but tests are already running
[2025-07-13T20:02:07.891Z] [SESSION-1752432503914] [dashboard] [INFO] Test run requested but tests are already running
[2025-07-13T20:02:25.829Z] [SESSION-1752432503914] [dashboard] [INFO] Tests completed successfully
[2025-07-13T20:02:27.923Z] [SESSION-1752432503914] [dashboard] [INFO] Running all tests via test_start.js | {"headless":true}
[2025-07-13T20:02:47.955Z] [SESSION-1752432503914] [dashboard] [INFO] Test run requested but tests are already running
[2025-07-13T20:03:07.990Z] [SESSION-1752432503914] [dashboard] [INFO] Test run requested but tests are already running
[2025-07-13T20:03:08.268Z] [SESSION-1752432503914] [dashboard] [INFO] Test run requested but tests are already running
[2025-07-13T20:03:28.020Z] [SESSION-1752432503914] [dashboard] [INFO] Test run requested but tests are already running
[2025-07-13T20:03:48.056Z] [SESSION-1752432503914] [dashboard] [INFO] Test run requested but tests are already running
[2025-07-13T20:04:05.837Z] [SESSION-1752432503914] [dashboard] [INFO] Tests completed successfully
[2025-07-13T20:04:08.095Z] [SESSION-1752432503914] [dashboard] [INFO] Running all tests via test_start.js | {"headless":true}
[2025-07-13T20:04:28.124Z] [SESSION-1752432503914] [dashboard] [INFO] Test run requested but tests are already running
[2025-07-13T20:04:48.159Z] [SESSION-1752432503914] [dashboard] [INFO] Test run requested but tests are already running
[2025-07-13T20:04:48.472Z] [SESSION-1752432503914] [dashboard] [INFO] Test run requested but tests are already running
[2025-07-13T20:05:08.194Z] [SESSION-1752432503914] [dashboard] [INFO] Test run requested but tests are already running
[2025-07-13T20:05:28.220Z] [SESSION-1752432503914] [dashboard] [INFO] Test run requested but tests are already running
[2025-07-13T20:05:46.080Z] [SESSION-1752432503914] [dashboard] [INFO] Tests completed successfully
[2025-07-13T20:05:48.264Z] [SESSION-1752432503914] [dashboard] [INFO] Running all tests via test_start.js | {"headless":true}
[2025-07-13T20:06:08.300Z] [SESSION-1752432503914] [dashboard] [INFO] Test run requested but tests are already running
[2025-07-13T20:06:28.342Z] [SESSION-1752432503914] [dashboard] [INFO] Test run requested but tests are already running
[2025-07-13T20:06:28.604Z] [SESSION-1752432503914] [dashboard] [INFO] Test run requested but tests are already running
[2025-07-13T20:06:48.370Z] [SESSION-1752432503914] [dashboard] [INFO] Test run requested but tests are already running
[2025-07-13T20:07:08.405Z] [SESSION-1752432503914] [dashboard] [INFO] Test run requested but tests are already running
[2025-07-13T20:07:26.213Z] [SESSION-1752432503914] [dashboard] [INFO] Tests completed successfully
[2025-07-13T20:07:28.441Z] [SESSION-1752432503914] [dashboard] [INFO] Running all tests via test_start.js | {"headless":true}
[2025-07-13T20:07:48.477Z] [SESSION-1752432503914] [dashboard] [INFO] Test run requested but tests are already running
[2025-07-13T20:08:08.507Z] [SESSION-1752432503914] [dashboard] [INFO] Test run requested but tests are already running
[2025-07-13T20:08:08.823Z] [SESSION-1752432503914] [dashboard] [INFO] Test run requested but tests are already running
[2025-07-13T20:08:28.542Z] [SESSION-1752432503914] [dashboard] [INFO] Test run requested but tests are already running
[2025-07-13T20:08:48.581Z] [SESSION-1752432503914] [dashboard] [INFO] Test run requested but tests are already running
[2025-07-13T20:09:06.444Z] [SESSION-1752432503914] [dashboard] [INFO] Tests completed successfully
[2025-07-13T20:09:08.613Z] [SESSION-1752432503914] [dashboard] [INFO] Running all tests via test_start.js | {"headless":true}
[2025-07-13T20:09:28.649Z] [SESSION-1752432503914] [dashboard] [INFO] Test run requested but tests are already running
[2025-07-13T20:09:48.685Z] [SESSION-1752432503914] [dashboard] [INFO] Test run requested but tests are already running
[2025-07-13T20:09:49.018Z] [SESSION-1752432503914] [dashboard] [INFO] Test run requested but tests are already running
[2025-07-13T20:10:08.714Z] [SESSION-1752432503914] [dashboard] [INFO] Test run requested but tests are already running
[2025-07-13T20:10:28.746Z] [SESSION-1752432503914] [dashboard] [INFO] Test run requested but tests are already running
[2025-07-13T20:10:46.594Z] [SESSION-1752432503914] [dashboard] [INFO] Tests completed successfully
[2025-07-13T20:10:48.778Z] [SESSION-1752432503914] [dashboard] [INFO] Running all tests via test_start.js | {"headless":true}
[2025-07-13T20:11:08.809Z] [SESSION-1752432503914] [dashboard] [INFO] Test run requested but tests are already running
[2025-07-13T20:11:28.841Z] [SESSION-1752432503914] [dashboard] [INFO] Test run requested but tests are already running
[2025-07-13T20:11:29.153Z] [SESSION-1752432503914] [dashboard] [INFO] Test run requested but tests are already running
[2025-07-13T20:11:48.867Z] [SESSION-1752432503914] [dashboard] [INFO] Test run requested but tests are already running
[2025-07-13T20:12:08.900Z] [SESSION-1752432503914] [dashboard] [INFO] Test run requested but tests are already running
[2025-07-13T20:12:26.731Z] [SESSION-1752432503914] [dashboard] [INFO] Tests completed successfully
[2025-07-13T20:12:28.925Z] [SESSION-1752432503914] [dashboard] [INFO] Running all tests via test_start.js | {"headless":true}
[2025-07-13T20:12:48.960Z] [SESSION-1752432503914] [dashboard] [INFO] Test run requested but tests are already running
[2025-07-13T20:13:08.998Z] [SESSION-1752432503914] [dashboard] [INFO] Test run requested but tests are already running
[2025-07-13T20:13:09.631Z] [SESSION-1752432503914] [dashboard] [INFO] Test run requested but tests are already running
[2025-07-13T20:13:29.042Z] [SESSION-1752432503914] [dashboard] [INFO] Test run requested but tests are already running
[2025-07-13T20:13:49.068Z] [SESSION-1752432503914] [dashboard] [INFO] Test run requested but tests are already running
[2025-07-13T20:14:07.242Z] [SESSION-1752432503914] [dashboard] [INFO] Tests completed successfully
[2025-07-13T20:14:09.099Z] [SESSION-1752432503914] [dashboard] [INFO] Running all tests via test_start.js | {"headless":true}
[2025-07-13T20:14:29.128Z] [SESSION-1752432503914] [dashboard] [INFO] Test run requested but tests are already running
[2025-07-13T20:14:49.160Z] [SESSION-1752432503914] [dashboard] [INFO] Test run requested but tests are already running
[2025-07-13T20:14:49.453Z] [SESSION-1752432503914] [dashboard] [INFO] Test run requested but tests are already running
[2025-07-13T20:15:09.186Z] [SESSION-1752432503914] [dashboard] [INFO] Test run requested but tests are already running
[2025-07-13T20:15:29.207Z] [SESSION-1752432503914] [dashboard] [INFO] Test run requested but tests are already running
[2025-07-13T20:15:47.196Z] [SESSION-1752432503914] [dashboard] [INFO] Tests completed successfully
[2025-07-13T20:15:49.238Z] [SESSION-1752432503914] [dashboard] [INFO] Running all tests via test_start.js | {"headless":true}
[2025-07-13T20:16:09.261Z] [SESSION-1752432503914] [dashboard] [INFO] Test run requested but tests are already running
[2025-07-13T20:16:29.299Z] [SESSION-1752432503914] [dashboard] [INFO] Test run requested but tests are already running
[2025-07-13T20:16:29.738Z] [SESSION-1752432503914] [dashboard] [INFO] Test run requested but tests are already running
[2025-07-13T20:16:49.332Z] [SESSION-1752432503914] [dashboard] [INFO] Test run requested but tests are already running
[2025-07-13T20:17:09.367Z] [SESSION-1752432503914] [dashboard] [INFO] Test run requested but tests are already running
[2025-07-13T20:17:27.564Z] [SESSION-1752432503914] [dashboard] [INFO] Tests completed successfully
[2025-07-13T20:17:29.395Z] [SESSION-1752432503914] [dashboard] [INFO] Running all tests via test_start.js | {"headless":true}
[2025-07-13T20:17:49.428Z] [SESSION-1752432503914] [dashboard] [INFO] Test run requested but tests are already running
[2025-07-13T20:18:09.457Z] [SESSION-1752432503914] [dashboard] [INFO] Test run requested but tests are already running
[2025-07-13T20:18:09.845Z] [SESSION-1752432503914] [dashboard] [INFO] Test run requested but tests are already running
[2025-07-13T20:18:29.496Z] [SESSION-1752432503914] [dashboard] [INFO] Test run requested but tests are already running
[2025-07-13T20:18:49.532Z] [SESSION-1752432503914] [dashboard] [INFO] Test run requested but tests are already running
[2025-07-13T20:19:07.457Z] [SESSION-1752432503914] [dashboard] [INFO] Tests completed successfully
[2025-07-13T20:19:09.566Z] [SESSION-1752432503914] [dashboard] [INFO] Running all tests via test_start.js | {"headless":true}
[2025-07-13T20:19:29.591Z] [SESSION-1752432503914] [dashboard] [INFO] Test run requested but tests are already running
[2025-07-13T20:19:49.621Z] [SESSION-1752432503914] [dashboard] [INFO] Test run requested but tests are already running
[2025-07-13T20:19:49.993Z] [SESSION-1752432503914] [dashboard] [INFO] Test run requested but tests are already running
[2025-07-13T20:20:09.651Z] [SESSION-1752432503914] [dashboard] [INFO] Test run requested but tests are already running
[2025-07-13T20:20:29.687Z] [SESSION-1752432503914] [dashboard] [INFO] Test run requested but tests are already running
[2025-07-13T20:20:47.626Z] [SESSION-1752432503914] [dashboard] [INFO] Tests completed successfully
[2025-07-13T20:20:49.707Z] [SESSION-1752432503914] [dashboard] [INFO] Running all tests via test_start.js | {"headless":true}
[2025-07-13T20:21:09.720Z] [SESSION-1752432503914] [dashboard] [INFO] Test run requested but tests are already running
[2025-07-13T20:21:29.746Z] [SESSION-1752432503914] [dashboard] [INFO] Test run requested but tests are already running
[2025-07-13T20:21:30.783Z] [SESSION-1752432503914] [dashboard] [INFO] Test run requested but tests are already running
[2025-07-13T20:21:49.772Z] [SESSION-1752432503914] [dashboard] [INFO] Test run requested but tests are already running
[2025-07-13T20:22:09.799Z] [SESSION-1752432503914] [dashboard] [INFO] Test run requested but tests are already running
[2025-07-13T20:22:28.363Z] [SESSION-1752432503914] [dashboard] [INFO] Tests completed successfully
[2025-07-13T20:22:29.828Z] [SESSION-1752432503914] [dashboard] [INFO] Running all tests via test_start.js | {"headless":true}
[2025-07-13T20:22:49.858Z] [SESSION-1752432503914] [dashboard] [INFO] Test run requested but tests are already running
[2025-07-13T20:23:09.882Z] [SESSION-1752432503914] [dashboard] [INFO] Test run requested but tests are already running
[2025-07-13T20:23:10.303Z] [SESSION-1752432503914] [dashboard] [INFO] Test run requested but tests are already running
[2025-07-13T20:23:29.905Z] [SESSION-1752432503914] [dashboard] [INFO] Test run requested but tests are already running
[2025-07-13T20:23:49.978Z] [SESSION-1752432503914] [dashboard] [INFO] Test run requested but tests are already running
[2025-07-13T20:24:07.929Z] [SESSION-1752432503914] [dashboard] [INFO] Tests completed successfully
[2025-07-13T20:24:09.986Z] [SESSION-1752432503914] [dashboard] [INFO] Running all tests via test_start.js | {"headless":true}
[2025-07-13T20:24:30.031Z] [SESSION-1752432503914] [dashboard] [INFO] Test run requested but tests are already running
[2025-07-13T20:24:50.064Z] [SESSION-1752432503914] [dashboard] [INFO] Test run requested but tests are already running
[2025-07-13T20:24:50.393Z] [SESSION-1752432503914] [dashboard] [INFO] Test run requested but tests are already running
[2025-07-13T20:25:10.086Z] [SESSION-1752432503914] [dashboard] [INFO] Test run requested but tests are already running
[2025-07-13T20:25:30.121Z] [SESSION-1752432503914] [dashboard] [INFO] Test run requested but tests are already running
[2025-07-13T20:25:48.146Z] [SESSION-1752432503914] [dashboard] [INFO] Tests completed successfully
[2025-07-13T20:25:50.171Z] [SESSION-1752432503914] [dashboard] [INFO] Running all tests via test_start.js | {"headless":true}
[2025-07-13T20:26:10.199Z] [SESSION-1752432503914] [dashboard] [INFO] Test run requested but tests are already running
[2025-07-13T20:26:30.233Z] [SESSION-1752432503914] [dashboard] [INFO] Test run requested but tests are already running
[2025-07-13T20:26:31.172Z] [SESSION-1752432503914] [dashboard] [INFO] Test run requested but tests are already running
[2025-07-13T20:26:50.264Z] [SESSION-1752432503914] [dashboard] [INFO] Test run requested but tests are already running
[2025-07-13T20:27:10.293Z] [SESSION-1752432503914] [dashboard] [INFO] Test run requested but tests are already running
[2025-07-13T20:27:28.785Z] [SESSION-1752432503914] [dashboard] [INFO] Tests completed successfully
[2025-07-13T20:27:30.322Z] [SESSION-1752432503914] [dashboard] [INFO] Running all tests via test_start.js | {"headless":true}
[2025-07-13T20:27:50.367Z] [SESSION-1752432503914] [dashboard] [INFO] Test run requested but tests are already running
[2025-07-13T20:28:10.393Z] [SESSION-1752432503914] [dashboard] [INFO] Test run requested but tests are already running
[2025-07-13T20:28:10.772Z] [SESSION-1752432503914] [dashboard] [INFO] Test run requested but tests are already running
[2025-07-13T20:28:30.431Z] [SESSION-1752432503914] [dashboard] [INFO] Test run requested but tests are already running
[2025-07-13T20:28:50.465Z] [SESSION-1752432503914] [dashboard] [INFO] Test run requested but tests are already running
[2025-07-13T20:29:08.450Z] [SESSION-1752432503914] [dashboard] [INFO] Tests completed successfully
[2025-07-13T20:29:10.498Z] [SESSION-1752432503914] [dashboard] [INFO] Running all tests via test_start.js | {"headless":true}
[2025-07-13T20:29:30.523Z] [SESSION-1752432503914] [dashboard] [INFO] Test run requested but tests are already running
[2025-07-13T20:29:50.554Z] [SESSION-1752432503914] [dashboard] [INFO] Test run requested but tests are already running
[2025-07-13T20:29:50.874Z] [SESSION-1752432503914] [dashboard] [INFO] Test run requested but tests are already running
[2025-07-13T20:30:10.584Z] [SESSION-1752432503914] [dashboard] [INFO] Test run requested but tests are already running
[2025-07-13T20:30:30.620Z] [SESSION-1752432503914] [dashboard] [INFO] Test run requested but tests are already running
[2025-07-13T20:30:48.482Z] [SESSION-1752432503914] [dashboard] [INFO] Tests completed successfully
[2025-07-13T20:30:50.651Z] [SESSION-1752432503914] [dashboard] [INFO] Running all tests via test_start.js | {"headless":true}
[2025-07-13T20:31:10.677Z] [SESSION-1752432503914] [dashboard] [INFO] Test run requested but tests are already running
[2025-07-13T20:31:30.708Z] [SESSION-1752432503914] [dashboard] [INFO] Test run requested but tests are already running
[2025-07-13T20:31:31.048Z] [SESSION-1752432503914] [dashboard] [INFO] Test run requested but tests are already running
[2025-07-13T20:31:50.738Z] [SESSION-1752432503914] [dashboard] [INFO] Test run requested but tests are already running
[2025-07-13T20:32:10.769Z] [SESSION-1752432503914] [dashboard] [INFO] Test run requested but tests are already running
[2025-07-13T20:32:28.632Z] [SESSION-1752432503914] [dashboard] [INFO] Tests completed successfully
[2025-07-13T20:32:30.811Z] [SESSION-1752432503914] [dashboard] [INFO] Running all tests via test_start.js | {"headless":true}
[2025-07-13T20:32:50.845Z] [SESSION-1752432503914] [dashboard] [INFO] Test run requested but tests are already running
[2025-07-13T20:33:10.872Z] [SESSION-1752432503914] [dashboard] [INFO] Test run requested but tests are already running
[2025-07-13T20:33:11.264Z] [SESSION-1752432503914] [dashboard] [INFO] Test run requested but tests are already running
[2025-07-13T20:33:30.909Z] [SESSION-1752432503914] [dashboard] [INFO] Test run requested but tests are already running
[2025-07-13T20:33:50.940Z] [SESSION-1752432503914] [dashboard] [INFO] Test run requested but tests are already running
[2025-07-13T20:34:08.905Z] [SESSION-1752432503914] [dashboard] [INFO] Tests completed successfully
[2025-07-13T20:34:10.981Z] [SESSION-1752432503914] [dashboard] [INFO] Running all tests via test_start.js | {"headless":true}
[2025-07-13T20:34:31.014Z] [SESSION-1752432503914] [dashboard] [INFO] Test run requested but tests are already running
[2025-07-13T20:34:51.046Z] [SESSION-1752432503914] [dashboard] [INFO] Test run requested but tests are already running
[2025-07-13T20:34:52.432Z] [SESSION-1752432503914] [dashboard] [INFO] Test run requested but tests are already running
[2025-07-13T20:35:11.079Z] [SESSION-1752432503914] [dashboard] [INFO] Test run requested but tests are already running
[2025-07-13T20:35:31.106Z] [SESSION-1752432503914] [dashboard] [INFO] Test run requested but tests are already running
[2025-07-13T20:35:50.031Z] [SESSION-1752432503914] [dashboard] [INFO] Tests completed successfully
[2025-07-13T20:35:51.145Z] [SESSION-1752432503914] [dashboard] [INFO] Running all tests via test_start.js | {"headless":true}
[2025-07-13T20:36:11.177Z] [SESSION-1752432503914] [dashboard] [INFO] Test run requested but tests are already running
[2025-07-13T20:36:31.214Z] [SESSION-1752432503914] [dashboard] [INFO] Test run requested but tests are already running
[2025-07-13T20:36:31.501Z] [SESSION-1752432503914] [dashboard] [INFO] Test run requested but tests are already running
[2025-07-13T20:36:51.251Z] [SESSION-1752432503914] [dashboard] [INFO] Test run requested but tests are already running
[2025-07-13T20:37:11.281Z] [SESSION-1752432503914] [dashboard] [INFO] Test run requested but tests are already running
[2025-07-13T20:37:29.083Z] [SESSION-1752432503914] [dashboard] [INFO] Tests completed successfully
[2025-07-13T20:37:31.305Z] [SESSION-1752432503914] [dashboard] [INFO] Running all tests via test_start.js | {"headless":true}
[2025-07-13T20:37:51.345Z] [SESSION-1752432503914] [dashboard] [INFO] Test run requested but tests are already running
[2025-07-13T20:38:11.381Z] [SESSION-1752432503914] [dashboard] [INFO] Test run requested but tests are already running
[2025-07-13T20:38:11.833Z] [SESSION-1752432503914] [dashboard] [INFO] Test run requested but tests are already running
[2025-07-13T20:38:31.402Z] [SESSION-1752432503914] [dashboard] [INFO] Test run requested but tests are already running
[2025-07-13T20:38:51.420Z] [SESSION-1752432503914] [dashboard] [INFO] Test run requested but tests are already running
[2025-07-13T20:39:09.403Z] [SESSION-1752432503914] [dashboard] [INFO] Tests completed successfully
[2025-07-13T20:39:11.457Z] [SESSION-1752432503914] [dashboard] [INFO] Running all tests via test_start.js | {"headless":true}
[2025-07-13T20:39:31.494Z] [SESSION-1752432503914] [dashboard] [INFO] Test run requested but tests are already running
[2025-07-13T20:39:51.517Z] [SESSION-1752432503914] [dashboard] [INFO] Test run requested but tests are already running
[2025-07-13T20:39:51.729Z] [SESSION-1752432503914] [dashboard] [INFO] Test run requested but tests are already running
[2025-07-13T20:40:11.545Z] [SESSION-1752432503914] [dashboard] [INFO] Test run requested but tests are already running
[2025-07-13T20:40:31.567Z] [SESSION-1752432503914] [dashboard] [INFO] Test run requested but tests are already running
[2025-07-13T20:40:49.309Z] [SESSION-1752432503914] [dashboard] [INFO] Tests completed successfully
[2025-07-13T20:40:51.594Z] [SESSION-1752432503914] [dashboard] [INFO] Running all tests via test_start.js | {"headless":true}
[2025-07-13T20:41:11.622Z] [SESSION-1752432503914] [dashboard] [INFO] Test run requested but tests are already running
[2025-07-13T20:41:31.650Z] [SESSION-1752432503914] [dashboard] [INFO] Test run requested but tests are already running
[2025-07-13T20:41:31.918Z] [SESSION-1752432503914] [dashboard] [INFO] Test run requested but tests are already running
[2025-07-13T20:41:51.677Z] [SESSION-1752432503914] [dashboard] [INFO] Test run requested but tests are already running
[2025-07-13T20:42:11.705Z] [SESSION-1752432503914] [dashboard] [INFO] Test run requested but tests are already running
[2025-07-13T20:42:29.584Z] [SESSION-1752432503914] [dashboard] [INFO] Tests completed successfully
[2025-07-13T20:42:31.735Z] [SESSION-1752432503914] [dashboard] [INFO] Running all tests via test_start.js | {"headless":true}
[2025-07-13T20:42:51.752Z] [SESSION-1752432503914] [dashboard] [INFO] Test run requested but tests are already running
[2025-07-13T20:43:11.777Z] [SESSION-1752432503914] [dashboard] [INFO] Test run requested but tests are already running
[2025-07-13T20:43:12.026Z] [SESSION-1752432503914] [dashboard] [INFO] Test run requested but tests are already running
[2025-07-13T20:43:31.794Z] [SESSION-1752432503914] [dashboard] [INFO] Test run requested but tests are already running
[2025-07-13T20:43:51.825Z] [SESSION-1752432503914] [dashboard] [INFO] Test run requested but tests are already running
[2025-07-13T20:44:09.587Z] [SESSION-1752432503914] [dashboard] [INFO] Tests completed successfully
[2025-07-13T20:44:11.853Z] [SESSION-1752432503914] [dashboard] [INFO] Running all tests via test_start.js | {"headless":true}
[2025-07-13T20:44:31.881Z] [SESSION-1752432503914] [dashboard] [INFO] Test run requested but tests are already running
[2025-07-13T20:44:51.914Z] [SESSION-1752432503914] [dashboard] [INFO] Test run requested but tests are already running
[2025-07-13T20:44:52.184Z] [SESSION-1752432503914] [dashboard] [INFO] Test run requested but tests are already running
[2025-07-13T20:45:11.940Z] [SESSION-1752432503914] [dashboard] [INFO] Test run requested but tests are already running
[2025-07-13T20:45:31.977Z] [SESSION-1752432503914] [dashboard] [INFO] Test run requested but tests are already running
[2025-07-13T20:45:49.853Z] [SESSION-1752432503914] [dashboard] [INFO] Tests completed successfully
[2025-07-13T20:45:52.005Z] [SESSION-1752432503914] [dashboard] [INFO] Running all tests via test_start.js | {"headless":true}
[2025-07-13T20:46:12.032Z] [SESSION-1752432503914] [dashboard] [INFO] Test run requested but tests are already running
[2025-07-13T20:46:32.061Z] [SESSION-1752432503914] [dashboard] [INFO] Test run requested but tests are already running
[2025-07-13T20:46:32.278Z] [SESSION-1752432503914] [dashboard] [INFO] Test run requested but tests are already running
[2025-07-13T20:46:52.081Z] [SESSION-1752432503914] [dashboard] [INFO] Test run requested but tests are already running
[2025-07-13T20:47:12.114Z] [SESSION-1752432503914] [dashboard] [INFO] Test run requested but tests are already running
[2025-07-13T20:47:29.833Z] [SESSION-1752432503914] [dashboard] [INFO] Tests completed successfully
[2025-07-13T20:47:32.140Z] [SESSION-1752432503914] [dashboard] [INFO] Running all tests via test_start.js | {"headless":true}
[2025-07-13T20:47:52.169Z] [SESSION-1752432503914] [dashboard] [INFO] Test run requested but tests are already running
[2025-07-13T20:48:12.203Z] [SESSION-1752432503914] [dashboard] [INFO] Test run requested but tests are already running
[2025-07-13T20:48:12.409Z] [SESSION-1752432503914] [dashboard] [INFO] Test run requested but tests are already running
[2025-07-13T20:48:32.219Z] [SESSION-1752432503914] [dashboard] [INFO] Test run requested but tests are already running
[2025-07-13T20:48:52.249Z] [SESSION-1752432503914] [dashboard] [INFO] Test run requested but tests are already running
[2025-07-13T20:49:10.081Z] [SESSION-1752432503914] [dashboard] [INFO] Tests completed successfully
[2025-07-13T20:49:12.288Z] [SESSION-1752432503914] [dashboard] [INFO] Running all tests via test_start.js | {"headless":true}
[2025-07-13T20:49:32.305Z] [SESSION-1752432503914] [dashboard] [INFO] Test run requested but tests are already running
[2025-07-13T20:49:52.345Z] [SESSION-1752432503914] [dashboard] [INFO] Test run requested but tests are already running
[2025-07-13T20:49:52.617Z] [SESSION-1752432503914] [dashboard] [INFO] Test run requested but tests are already running
[2025-07-13T20:50:12.369Z] [SESSION-1752432503914] [dashboard] [INFO] Test run requested but tests are already running
[2025-07-13T20:50:32.396Z] [SESSION-1752432503914] [dashboard] [INFO] Test run requested but tests are already running
[2025-07-13T20:50:50.329Z] [SESSION-1752432503914] [dashboard] [INFO] Tests completed successfully
[2025-07-13T20:50:52.434Z] [SESSION-1752432503914] [dashboard] [INFO] Running all tests via test_start.js | {"headless":true}
[2025-07-13T20:51:12.472Z] [SESSION-1752432503914] [dashboard] [INFO] Test run requested but tests are already running
[2025-07-13T20:51:32.504Z] [SESSION-1752432503914] [dashboard] [INFO] Test run requested but tests are already running
[2025-07-13T20:51:32.723Z] [SESSION-1752432503914] [dashboard] [INFO] Test run requested but tests are already running
[2025-07-13T20:51:52.543Z] [SESSION-1752432503914] [dashboard] [INFO] Test run requested but tests are already running
[2025-07-13T20:52:12.575Z] [SESSION-1752432503914] [dashboard] [INFO] Test run requested but tests are already running
[2025-07-13T20:52:30.259Z] [SESSION-1752432503914] [dashboard] [INFO] Tests completed successfully
[2025-07-13T20:52:32.597Z] [SESSION-1752432503914] [dashboard] [INFO] Running all tests via test_start.js | {"headless":true}
[2025-07-13T20:52:52.632Z] [SESSION-1752432503914] [dashboard] [INFO] Test run requested but tests are already running
[2025-07-13T20:53:12.666Z] [SESSION-1752432503914] [dashboard] [INFO] Test run requested but tests are already running
[2025-07-13T20:53:12.898Z] [SESSION-1752432503914] [dashboard] [INFO] Test run requested but tests are already running
[2025-07-13T20:53:32.687Z] [SESSION-1752432503914] [dashboard] [INFO] Test run requested but tests are already running
[2025-07-13T20:53:52.723Z] [SESSION-1752432503914] [dashboard] [INFO] Test run requested but tests are already running
[2025-07-13T20:54:10.459Z] [SESSION-1752432503914] [dashboard] [INFO] Tests completed successfully
[2025-07-13T20:54:12.757Z] [SESSION-1752432503914] [dashboard] [INFO] Running all tests via test_start.js | {"headless":true}
[2025-07-13T20:54:32.794Z] [SESSION-1752432503914] [dashboard] [INFO] Test run requested but tests are already running
[2025-07-13T20:54:52.820Z] [SESSION-1752432503914] [dashboard] [INFO] Test run requested but tests are already running
[2025-07-13T20:54:53.043Z] [SESSION-1752432503914] [dashboard] [INFO] Test run requested but tests are already running
[2025-07-13T20:55:12.848Z] [SESSION-1752432503914] [dashboard] [INFO] Test run requested but tests are already running
[2025-07-13T20:55:32.875Z] [SESSION-1752432503914] [dashboard] [INFO] Test run requested but tests are already running
[2025-07-13T20:55:50.735Z] [SESSION-1752432503914] [dashboard] [INFO] Tests completed successfully
[2025-07-13T20:55:52.913Z] [SESSION-1752432503914] [dashboard] [INFO] Running all tests via test_start.js | {"headless":true}
[2025-07-13T20:56:12.937Z] [SESSION-1752432503914] [dashboard] [INFO] Test run requested but tests are already running
[2025-07-13T20:56:32.955Z] [SESSION-1752432503914] [dashboard] [INFO] Test run requested but tests are already running
[2025-07-13T20:56:33.223Z] [SESSION-1752432503914] [dashboard] [INFO] Test run requested but tests are already running
[2025-07-13T20:56:52.970Z] [SESSION-1752432503914] [dashboard] [INFO] Test run requested but tests are already running
[2025-07-13T20:57:12.999Z] [SESSION-1752432503914] [dashboard] [INFO] Test run requested but tests are already running
[2025-07-13T20:57:30.792Z] [SESSION-1752432503914] [dashboard] [INFO] Tests completed successfully
[2025-07-13T20:57:33.035Z] [SESSION-1752432503914] [dashboard] [INFO] Running all tests via test_start.js | {"headless":true}
[2025-07-13T20:57:53.064Z] [SESSION-1752432503914] [dashboard] [INFO] Test run requested but tests are already running
[2025-07-13T20:58:13.092Z] [SESSION-1752432503914] [dashboard] [INFO] Test run requested but tests are already running
[2025-07-13T20:58:13.356Z] [SESSION-1752432503914] [dashboard] [INFO] Test run requested but tests are already running
[2025-07-13T20:58:33.121Z] [SESSION-1752432503914] [dashboard] [INFO] Test run requested but tests are already running
[2025-07-13T20:58:53.148Z] [SESSION-1752432503914] [dashboard] [INFO] Test run requested but tests are already running
[2025-07-13T20:59:10.865Z] [SESSION-1752432503914] [dashboard] [INFO] Tests completed successfully
[2025-07-13T20:59:13.184Z] [SESSION-1752432503914] [dashboard] [INFO] Running all tests via test_start.js | {"headless":true}
